datetime,Global_active_power,Global_reactive_power,Voltage,Global_intensity,Sub_metering_1,Sub_metering_2,Sub_metering_3
2007-01-01 00:00:00,2.55,0.11,241.36,10.53,0.0,0.58,0.0
2007-01-01 01:00:00,2.52,0.07,241.1,10.44,0.0,0.0,0.0
2007-01-01 02:00:00,2.58,0.11,243.2,10.54,0.0,0.33,0.0
2007-01-01 03:00:00,2.54,0.09,243.27,10.4,0.0,0.27,0.0
2007-01-01 04:00:00,2.48,0.09,242.46,10.11,0.0,0.0,0.0
2007-01-01 05:00:00,2.48,0.1,242.35,10.15,0.0,0.58,0.0
2007-01-01 06:00:00,2.46,0.09,241.22,10.1,0.0,0.0,0.0
2007-01-01 07:00:00,2.45,0.11,240.31,10.12,0.0,0.55,0.0
2007-01-01 08:00:00,2.44,0.08,241.14,10.05,0.0,0.05,0.0
2007-01-01 09:00:00,3.15,0.07,239.78,13.05,0.0,0.0,12.03
2007-01-01 10:00:00,2.66,0.11,238.43,11.1,0.0,0.58,2.48
2007-01-01 11:00:00,2.58,0.07,237.32,10.79,0.0,0.0,0.0
2007-01-01 12:00:00,2.62,0.12,237.76,10.94,0.0,0.57,0.0
2007-01-01 13:00:00,2.16,0.07,238.67,9.04,0.0,0.0,0.0
2007-01-01 14:00:00,1.29,0.24,240.66,5.61,0.0,0.23,9.05
2007-01-01 15:00:00,1.91,0.11,238.92,7.93,0.0,0.35,17.48
2007-01-01 16:00:00,1.39,0.11,239.39,5.75,0.0,0.0,17.55
2007-01-01 17:00:00,1.63,0.13,237.48,6.83,0.0,0.58,17.28
2007-01-01 18:00:00,1.46,0.07,238.34,6.04,0.0,0.0,17.4
2007-01-01 19:00:00,0.73,0.13,237.76,3.09,0.0,0.47,4.72
2007-01-01 20:00:00,0.41,0.07,237.83,1.72,0.0,0.12,0.0
2007-01-01 21:00:00,0.43,0.1,239.42,1.83,0.0,0.0,0.0
2007-01-01 22:00:00,0.44,0.11,241.12,1.91,0.0,0.6,0.0
2007-01-01 23:00:00,0.45,0.11,243.83,1.94,0.0,0.0,0.0
2007-01-02 00:00:00,0.45,0.12,242.26,1.96,0.0,0.58,0.0
2007-01-02 01:00:00,0.44,0.1,243.27,1.88,0.0,0.0,0.0
2007-01-02 02:00:00,0.43,0.09,245.75,1.83,0.0,0.0,0.0
2007-01-02 03:00:00,0.46,0.14,245.74,2.02,0.0,0.58,0.0
2007-01-02 04:00:00,1.04,0.09,243.61,4.29,0.0,0.0,9.98
2007-01-02 05:00:00,0.71,0.12,242.44,3.03,0.0,0.57,4.45
2007-01-02 06:00:00,0.45,0.11,243.93,1.9,0.0,0.0,0.0
2007-01-02 07:00:00,0.41,0.06,240.89,1.75,0.0,0.03,0.0
2007-01-02 08:00:00,0.45,0.13,239.95,1.94,0.0,0.53,0.0
2007-01-02 09:00:00,0.42,0.08,239.81,1.73,0.0,0.0,0.0
2007-01-02 10:00:00,0.45,0.13,238.78,1.89,0.0,0.58,0.0
2007-01-02 11:00:00,0.43,0.1,242.05,1.81,0.0,0.0,0.0
2007-01-02 12:00:00,0.43,0.08,242.01,1.8,0.0,0.07,0.0
2007-01-02 13:00:00,0.46,0.14,242.47,1.98,0.0,0.5,0.0
2007-01-02 14:00:00,0.44,0.11,246.38,1.86,0.0,0.0,0.0
2007-01-02 15:00:00,1.44,0.14,242.96,5.9,0.0,0.63,15.88
2007-01-02 16:00:00,1.46,0.1,243.1,5.99,0.0,0.0,15.77
2007-01-02 17:00:00,2.14,0.26,238.18,9.12,0.0,0.07,8.42
2007-01-02 18:00:00,1.97,0.23,237.58,8.36,0.0,0.5,17.3
2007-01-02 19:00:00,1.52,0.1,239.28,6.33,0.0,0.0,17.55
2007-01-02 20:00:00,2.57,0.37,238.49,10.86,0.0,0.58,17.42
2007-01-02 21:00:00,1.32,0.18,240.21,5.56,0.0,0.0,2.6
2007-01-02 22:00:00,0.53,0.12,242.96,2.27,0.0,0.45,0.0
2007-01-02 23:00:00,0.74,0.06,244.57,3.08,0.0,0.12,0.0
2007-01-03 00:00:00,1.13,0.06,244.16,4.64,0.0,0.0,0.0
2007-01-03 01:00:00,0.9,0.12,243.94,3.75,0.0,0.57,0.0
2007-01-03 02:00:00,0.3,0.13,246.72,1.39,0.0,0.0,0.0
2007-01-03 03:00:00,0.33,0.18,246.67,1.58,0.0,0.57,0.0
2007-01-03 04:00:00,0.3,0.12,246.06,1.32,0.0,0.02,0.0
2007-01-03 05:00:00,0.95,0.1,244.03,3.92,0.0,0.0,10.88
2007-01-03 06:00:00,0.33,0.17,245.9,1.55,0.0,0.57,0.0
2007-01-03 07:00:00,0.3,0.11,242.78,1.36,0.0,0.0,0.0
2007-01-03 08:00:00,0.32,0.14,241.34,1.48,0.0,0.57,0.0
2007-01-03 09:00:00,0.6,0.13,240.72,2.69,0.0,0.0,0.0
2007-01-03 10:00:00,0.87,0.13,241.29,3.81,0.0,0.0,0.0
2007-01-03 11:00:00,0.98,0.19,243.26,4.16,0.0,0.57,8.45
2007-01-03 12:00:00,1.4,0.12,242.34,5.71,0.0,0.0,17.98
2007-01-03 13:00:00,1.42,0.17,242.96,5.81,0.0,0.57,18.07
2007-01-03 14:00:00,1.09,0.16,244.94,4.54,0.0,0.0,12.73
2007-01-03 15:00:00,0.3,0.14,246.0,1.42,0.0,0.07,0.0
2007-01-03 16:00:00,0.37,0.23,245.89,1.81,0.0,0.52,0.0
2007-01-03 17:00:00,0.29,0.1,240.76,1.25,0.0,0.0,0.0
2007-01-03 18:00:00,0.36,0.21,242.37,1.74,0.0,0.58,0.0
2007-01-03 19:00:00,0.29,0.1,241.15,1.3,0.0,0.0,0.0
2007-01-03 20:00:00,0.33,0.16,241.89,1.54,0.0,0.15,0.0
2007-01-03 21:00:00,1.12,0.11,241.41,4.74,0.0,0.42,0.0
2007-01-03 22:00:00,0.95,0.06,243.7,3.95,0.0,0.0,2.67
2007-01-03 23:00:00,1.67,0.13,245.1,6.87,0.0,0.58,8.63
2007-01-04 00:00:00,3.38,0.08,239.73,14.09,8.48,9.53,0.0
2007-01-04 01:00:00,2.9,0.12,238.35,12.1,9.03,0.33,0.0
2007-01-04 02:00:00,2.39,0.1,242.02,9.82,0.0,0.27,0.0
2007-01-04 03:00:00,2.36,0.08,241.0,9.73,0.0,0.0,0.0
2007-01-04 04:00:00,2.37,0.13,239.96,9.81,0.0,0.6,0.0
2007-01-04 05:00:00,2.35,0.07,240.59,9.68,0.0,0.0,0.0
2007-01-04 06:00:00,2.36,0.11,239.94,9.73,0.0,0.4,0.0
2007-01-04 07:00:00,2.33,0.09,238.73,9.66,0.0,0.2,0.0
2007-01-04 08:00:00,2.4,0.07,237.96,10.04,0.0,0.0,0.0
2007-01-04 09:00:00,2.67,0.12,237.75,11.22,0.0,0.6,16.63
2007-01-04 10:00:00,1.9,0.1,240.08,7.93,0.0,0.0,17.65
2007-01-04 11:00:00,2.01,0.16,241.0,8.4,0.0,0.53,17.8
2007-01-04 12:00:00,4.07,0.28,238.15,17.2,0.0,40.05,17.37
2007-01-04 13:00:00,3.55,0.23,239.4,14.94,0.0,35.0,17.55
2007-01-04 14:00:00,2.01,0.15,242.03,8.39,0.0,5.02,17.93
2007-01-04 15:00:00,0.88,0.15,243.31,3.75,0.0,0.67,7.6
2007-01-04 16:00:00,3.29,0.22,239.99,13.78,0.0,25.82,17.63
2007-01-04 17:00:00,2.74,0.25,237.67,11.62,0.0,4.13,17.3
2007-01-04 18:00:00,2.61,0.13,237.32,10.93,0.0,1.3,17.25
2007-01-04 19:00:00,2.85,0.14,236.59,12.05,0.0,0.17,16.88
2007-01-04 20:00:00,1.5,0.2,237.48,6.33,0.0,0.83,0.0
2007-01-04 21:00:00,0.48,0.09,238.97,2.06,0.0,0.17,0.0
2007-01-04 22:00:00,0.42,0.18,241.66,1.9,0.0,0.75,0.0
2007-01-04 23:00:00,0.54,0.13,244.34,2.31,0.0,0.25,0.0
2007-01-05 00:00:00,1.97,0.14,242.68,8.13,0.0,0.25,8.93
2007-01-05 01:00:00,2.39,0.12,240.3,9.86,0.0,0.43,0.0
2007-01-05 02:00:00,2.39,0.1,242.61,9.82,0.0,0.0,0.0
2007-01-05 03:00:00,2.42,0.14,242.28,9.97,0.0,0.63,0.0
2007-01-05 04:00:00,2.4,0.09,243.23,9.81,0.0,0.0,0.0
2007-01-05 05:00:00,2.41,0.14,241.77,9.92,0.0,0.6,0.0
2007-01-05 06:00:00,2.37,0.06,241.92,9.73,0.0,0.0,0.0
2007-01-05 07:00:00,2.35,0.11,239.56,9.76,0.0,0.22,0.0
2007-01-05 08:00:00,2.32,0.09,238.58,9.64,0.0,0.4,0.0
2007-01-05 09:00:00,2.36,0.1,238.23,9.88,0.0,0.0,0.7
2007-01-05 10:00:00,2.66,0.1,237.64,11.17,0.0,0.62,9.55
2007-01-05 11:00:00,0.36,0.12,240.24,1.65,0.0,0.0,0.0
2007-01-05 12:00:00,0.35,0.14,241.54,1.65,0.0,0.62,0.0
2007-01-05 13:00:00,0.34,0.13,242.38,1.55,0.0,0.0,0.0
2007-01-05 14:00:00,0.38,0.12,246.08,1.66,0.0,0.15,0.0
2007-01-05 15:00:00,0.48,0.19,244.82,2.19,0.0,0.48,0.0
2007-01-05 16:00:00,0.84,0.1,243.49,3.61,0.0,0.0,6.25
2007-01-05 17:00:00,2.24,0.17,237.32,9.45,0.0,0.6,17.27
2007-01-05 18:00:00,2.4,0.06,234.96,10.14,0.0,0.0,16.92
2007-01-05 19:00:00,2.04,0.22,236.43,8.71,0.08,0.58,5.52
2007-01-05 20:00:00,2.98,0.1,237.76,12.54,14.67,0.12,8.9
2007-01-05 21:00:00,2.67,0.11,237.3,11.25,8.37,0.1,17.27
2007-01-05 22:00:00,2.38,0.12,239.25,9.99,1.6,0.52,17.53
2007-01-05 23:00:00,1.74,0.1,241.55,7.16,0.0,0.0,17.87
2007-01-06 00:00:00,1.49,0.14,240.65,6.17,0.0,0.62,17.73
2007-01-06 01:00:00,0.43,0.11,241.34,1.9,0.0,0.0,2.18
2007-01-06 02:00:00,0.33,0.18,245.8,1.57,0.0,0.57,0.0
2007-01-06 03:00:00,0.31,0.14,245.07,1.46,0.0,0.08,0.0
2007-01-06 04:00:00,0.3,0.12,243.9,1.37,0.0,0.05,0.0
2007-01-06 05:00:00,0.34,0.18,243.11,1.56,0.0,0.57,0.0
2007-01-06 06:00:00,0.3,0.11,242.82,1.34,0.0,0.0,0.0
2007-01-06 07:00:00,0.34,0.17,241.54,1.61,0.0,0.63,0.0
2007-01-06 08:00:00,0.3,0.1,241.39,1.34,0.0,0.0,0.0
2007-01-06 09:00:00,0.62,0.14,241.0,2.68,0.0,0.43,0.0
2007-01-06 10:00:00,1.53,0.1,237.75,6.45,0.0,0.23,0.0
2007-01-06 11:00:00,2.59,0.08,233.7,11.07,0.0,0.0,16.18
2007-01-06 12:00:00,4.0,0.27,231.77,17.5,22.15,0.62,16.48
2007-01-06 13:00:00,1.89,0.1,237.49,8.09,0.12,0.0,17.28
2007-01-06 14:00:00,1.7,0.17,239.66,7.2,0.0,0.63,17.58
2007-01-06 15:00:00,1.15,0.08,240.01,4.89,0.0,0.0,4.47
2007-01-06 16:00:00,0.88,0.11,238.18,3.83,0.0,0.38,0.0
2007-01-06 17:00:00,0.9,0.1,235.35,3.92,0.0,0.25,0.0
2007-01-06 18:00:00,0.86,0.07,236.26,3.69,0.0,0.0,0.0
2007-01-06 19:00:00,1.83,0.23,234.73,8.01,0.0,0.63,0.0
2007-01-06 20:00:00,1.02,0.11,238.0,4.52,0.0,0.0,0.0
2007-01-06 21:00:00,1.01,0.18,240.13,4.5,0.0,0.63,0.0
2007-01-06 22:00:00,0.51,0.08,240.07,2.21,0.0,0.0,0.0
2007-01-06 23:00:00,0.51,0.14,242.45,2.19,0.0,0.37,2.72
2007-01-07 00:00:00,0.9,0.12,241.29,3.8,0.0,0.27,9.82
2007-01-07 01:00:00,0.3,0.11,243.07,1.31,0.0,0.0,0.0
2007-01-07 02:00:00,0.35,0.21,247.08,1.71,0.0,0.63,0.0
2007-01-07 03:00:00,0.3,0.13,247.35,1.43,0.0,0.0,0.0
2007-01-07 04:00:00,0.36,0.21,246.39,1.74,0.0,0.63,0.0
2007-01-07 05:00:00,0.29,0.1,244.88,1.33,0.0,0.0,0.0
2007-01-07 06:00:00,0.34,0.17,246.02,1.61,0.0,0.17,0.0
2007-01-07 07:00:00,0.31,0.14,243.45,1.41,0.0,0.45,0.0
2007-01-07 08:00:00,0.31,0.14,243.94,1.4,0.0,0.0,0.0
2007-01-07 09:00:00,0.38,0.18,243.32,1.79,0.0,0.63,0.0
2007-01-07 10:00:00,1.04,0.11,239.9,4.46,0.0,0.0,10.37
2007-01-07 11:00:00,1.07,0.2,239.43,4.72,0.0,7.5,3.9
2007-01-07 12:00:00,0.55,0.16,238.81,2.52,0.0,0.07,0.0
2007-01-07 13:00:00,3.33,0.21,236.68,14.24,8.22,23.88,15.82
2007-01-07 14:00:00,2.53,0.19,242.71,10.5,8.3,8.25,18.03
2007-01-07 15:00:00,3.77,0.25,241.25,15.84,0.0,32.95,17.82
2007-01-07 16:00:00,2.28,0.17,240.26,9.53,0.0,0.82,17.68
2007-01-07 17:00:00,2.4,0.08,235.32,10.19,0.0,3.23,16.97
2007-01-07 18:00:00,5.21,0.38,231.6,22.62,0.0,31.88,16.45
2007-01-07 19:00:00,2.92,0.26,234.58,12.51,0.67,0.55,16.88
2007-01-07 20:00:00,3.52,0.12,234.88,15.09,7.42,0.45,16.9
2007-01-07 21:00:00,4.74,0.22,235.71,20.18,8.52,22.58,17.03
2007-01-07 22:00:00,2.13,0.08,241.23,8.82,0.0,0.35,17.83
2007-01-07 23:00:00,1.46,0.17,242.5,6.03,0.0,0.98,18.0
2007-01-08 00:00:00,1.36,0.08,242.45,5.57,0.0,0.3,17.98
2007-01-08 01:00:00,1.35,0.08,240.82,5.57,0.0,0.22,17.77
2007-01-08 02:00:00,1.38,0.13,241.32,5.7,0.0,0.8,17.82
2007-01-08 03:00:00,1.36,0.08,241.64,5.56,0.0,0.17,17.87
2007-01-08 04:00:00,1.38,0.11,241.2,5.67,0.0,0.85,17.82
2007-01-08 05:00:00,1.1,0.08,239.23,4.6,0.0,0.0,13.8
2007-01-08 06:00:00,0.47,0.09,242.7,2.09,0.0,0.25,0.0
2007-01-08 07:00:00,1.01,0.13,240.47,4.31,0.0,0.42,2.18
2007-01-08 08:00:00,2.14,0.1,237.71,8.97,0.0,0.0,16.88
2007-01-08 09:00:00,1.66,0.16,237.18,6.99,0.0,0.67,12.5
2007-01-08 10:00:00,1.3,0.05,237.59,5.38,0.0,0.0,17.3
2007-01-08 11:00:00,1.18,0.17,238.27,5.03,0.0,0.42,12.87
2007-01-08 12:00:00,0.33,0.1,239.04,1.54,0.0,0.23,0.0
2007-01-08 13:00:00,0.64,0.12,237.54,2.88,0.0,0.0,0.0
2007-01-08 14:00:00,1.85,0.13,241.44,7.71,0.0,0.65,16.7
2007-01-08 15:00:00,1.89,0.09,242.69,7.79,0.0,0.0,18.02
2007-01-08 16:00:00,2.12,0.26,241.49,8.89,0.0,0.62,17.85
2007-01-08 17:00:00,1.9,0.15,237.58,7.98,0.0,0.05,17.28
2007-01-08 18:00:00,2.91,0.24,234.97,12.37,0.0,0.0,16.93
2007-01-08 19:00:00,2.79,0.39,234.92,11.98,0.0,0.68,16.92
2007-01-08 20:00:00,3.43,0.22,236.34,14.52,0.0,0.08,17.12
2007-01-08 21:00:00,2.51,0.2,238.23,10.54,0.0,0.67,6.85
2007-01-08 22:00:00,0.97,0.11,241.21,4.01,0.0,0.0,0.0
2007-01-08 23:00:00,0.33,0.19,243.83,1.58,0.0,0.72,0.0
2007-01-09 00:00:00,0.27,0.09,242.06,1.21,0.0,0.0,0.0
2007-01-09 01:00:00,0.31,0.16,242.24,1.48,0.0,0.67,0.0
2007-01-09 02:00:00,0.29,0.12,244.62,1.31,0.0,0.0,0.0
2007-01-09 03:00:00,0.47,0.12,243.13,2.07,0.0,0.5,2.15
2007-01-09 04:00:00,0.66,0.11,241.41,2.83,0.0,0.17,6.23
2007-01-09 05:00:00,0.27,0.09,240.85,1.28,0.0,0.05,0.0
2007-01-09 06:00:00,1.12,0.13,241.73,4.81,0.0,0.6,5.87
2007-01-09 07:00:00,2.39,0.15,238.67,10.0,0.25,0.0,17.45
2007-01-09 08:00:00,2.14,0.18,239.55,8.93,9.32,0.65,17.57
2007-01-09 09:00:00,1.87,0.07,238.21,7.81,9.42,0.0,17.38
2007-01-09 10:00:00,1.35,0.13,238.33,5.63,0.0,0.5,17.4
2007-01-09 11:00:00,0.93,0.09,237.77,3.89,0.0,0.13,11.12
2007-01-09 12:00:00,0.28,0.1,241.0,1.24,0.0,0.0,0.0
2007-01-09 13:00:00,0.3,0.15,239.53,1.38,0.0,0.65,0.0
2007-01-09 14:00:00,0.27,0.08,242.54,1.23,0.0,0.0,0.0
2007-01-09 15:00:00,0.56,0.21,243.55,2.6,0.0,0.7,1.5
2007-01-09 16:00:00,1.47,0.07,241.26,6.05,0.0,0.0,17.82
2007-01-09 17:00:00,2.11,0.23,237.53,8.99,0.0,0.38,17.3
2007-01-09 18:00:00,2.37,0.19,237.35,10.09,0.0,0.28,17.25
2007-01-09 19:00:00,2.29,0.24,237.92,9.69,3.23,8.57,2.85
2007-01-09 20:00:00,3.21,0.21,238.4,13.64,5.92,14.78,3.15
2007-01-09 21:00:00,3.29,0.17,236.94,13.98,0.0,18.63,8.13
2007-01-09 22:00:00,1.29,0.13,243.28,5.31,0.0,2.57,0.0
2007-01-09 23:00:00,1.64,0.25,243.82,7.04,0.0,21.28,0.0
2007-01-10 00:00:00,0.52,0.15,244.25,2.3,0.0,1.05,3.12
2007-01-10 01:00:00,0.65,0.08,243.11,2.77,0.0,0.15,6.27
2007-01-10 02:00:00,0.34,0.2,245.08,1.62,0.0,0.85,0.0
2007-01-10 03:00:00,0.27,0.08,243.98,1.22,0.0,0.17,0.0
2007-01-10 04:00:00,0.35,0.2,244.33,1.65,0.0,0.83,0.0
2007-01-10 05:00:00,0.27,0.07,242.76,1.22,0.0,0.18,0.0
2007-01-10 06:00:00,0.9,0.17,243.17,3.92,0.0,0.6,2.42
2007-01-10 07:00:00,2.36,0.19,239.59,9.87,0.0,0.2,17.58
2007-01-10 08:00:00,2.97,0.18,238.55,12.45,0.0,0.02,17.43
2007-01-10 09:00:00,2.0,0.14,238.68,8.36,0.0,9.55,17.45
2007-01-10 10:00:00,1.43,0.06,239.32,5.92,0.0,1.1,17.53
2007-01-10 11:00:00,3.97,0.2,237.74,16.83,12.85,31.62,16.0
2007-01-10 12:00:00,1.43,0.11,240.9,5.96,0.0,4.28,14.78
2007-01-10 13:00:00,0.55,0.2,241.13,2.54,0.0,0.63,0.5
2007-01-10 14:00:00,1.7,0.21,241.5,7.24,0.0,18.13,0.18
2007-01-10 15:00:00,1.29,0.11,242.19,5.34,0.0,1.6,10.08
2007-01-10 16:00:00,0.68,0.22,243.4,3.01,0.0,1.08,0.0
2007-01-10 17:00:00,1.82,0.29,239.32,7.76,0.0,0.28,1.97
2007-01-10 18:00:00,3.36,0.28,237.92,14.15,0.0,0.7,17.35
2007-01-10 19:00:00,3.19,0.14,235.0,13.62,0.0,0.03,16.93
2007-01-10 20:00:00,2.93,0.15,235.07,12.54,0.0,0.6,16.93
2007-01-10 21:00:00,1.69,0.11,239.46,7.07,0.0,0.0,7.0
2007-01-10 22:00:00,0.85,0.12,242.08,3.55,0.0,0.6,0.0
2007-01-10 23:00:00,0.38,0.14,246.13,1.69,0.0,0.0,0.0
2007-01-11 00:00:00,0.34,0.2,246.09,1.63,0.0,0.58,0.0
2007-01-11 01:00:00,0.25,0.07,243.64,1.18,0.0,0.0,0.0
2007-01-11 02:00:00,0.31,0.16,245.22,1.47,0.0,0.47,0.0
2007-01-11 03:00:00,0.89,0.11,244.2,3.74,0.0,0.12,10.23
2007-01-11 04:00:00,0.27,0.09,244.19,1.24,0.0,0.1,0.0
2007-01-11 05:00:00,0.3,0.14,242.85,1.38,0.0,0.48,0.0
2007-01-11 06:00:00,0.74,0.07,242.22,3.22,0.0,0.0,2.92
2007-01-11 07:00:00,2.7,0.22,239.46,11.27,0.0,0.57,17.57
2007-01-11 08:00:00,2.51,0.12,240.17,10.5,14.02,0.0,17.67
2007-01-11 09:00:00,1.37,0.14,240.7,5.64,0.0,0.57,17.75
2007-01-11 10:00:00,1.37,0.13,240.26,5.65,0.0,0.0,17.67
2007-01-11 11:00:00,1.15,0.1,240.99,4.75,0.0,0.27,14.52
2007-01-11 12:00:00,0.3,0.14,241.85,1.42,0.0,0.32,0.0
2007-01-11 13:00:00,0.4,0.14,242.34,1.84,0.0,0.0,0.0
2007-01-11 14:00:00,0.33,0.17,244.17,1.54,0.0,0.58,0.0
2007-01-11 15:00:00,0.54,0.14,243.54,2.36,0.0,0.0,3.75
2007-01-11 16:00:00,2.61,0.19,240.72,10.9,0.0,6.08,17.75
2007-01-11 17:00:00,3.24,0.11,236.38,13.69,0.0,0.28,17.12
2007-01-11 18:00:00,3.87,0.3,236.28,16.5,0.0,0.57,17.1
2007-01-11 19:00:00,4.78,0.33,234.22,20.54,8.95,9.65,16.83
2007-01-11 20:00:00,3.71,0.34,234.03,15.96,0.0,13.88,16.78
2007-01-11 21:00:00,2.88,0.12,237.31,12.12,0.0,0.68,17.25
2007-01-11 22:00:00,1.45,0.18,243.45,5.97,0.0,0.55,2.02
2007-01-11 23:00:00,1.29,0.13,243.45,5.28,0.0,0.42,0.0
2007-01-12 00:00:00,0.59,0.15,241.24,2.55,0.0,0.32,0.0
2007-01-12 01:00:00,0.31,0.15,240.46,1.44,0.0,0.65,0.0
2007-01-12 02:00:00,0.3,0.14,243.4,1.4,0.0,0.17,0.0
2007-01-12 03:00:00,0.32,0.16,243.73,1.53,0.0,0.73,0.0
2007-01-12 04:00:00,0.29,0.13,243.65,1.34,0.0,0.0,0.0
2007-01-12 05:00:00,0.81,0.12,241.72,3.47,0.0,0.58,8.58
2007-01-12 06:00:00,1.45,0.12,243.06,6.09,0.0,0.0,11.25
2007-01-12 07:00:00,2.83,0.12,239.9,11.79,0.0,0.4,17.63
2007-01-12 08:00:00,1.99,0.16,240.33,8.29,0.0,0.27,17.68
2007-01-12 09:00:00,1.35,0.11,240.32,5.56,0.0,0.4,17.68
2007-01-12 10:00:00,0.91,0.11,239.05,3.82,0.0,0.2,10.4
2007-01-12 11:00:00,0.28,0.12,240.28,1.27,0.0,0.27,0.0
2007-01-12 12:00:00,0.29,0.13,241.1,1.38,0.0,0.32,0.0
2007-01-12 13:00:00,0.25,0.07,242.91,1.18,0.0,0.0,0.0
2007-01-12 14:00:00,0.33,0.2,244.41,1.69,0.0,0.6,0.0
2007-01-12 15:00:00,0.26,0.08,246.22,1.23,0.0,0.0,0.0
2007-01-12 16:00:00,0.32,0.18,245.4,1.52,0.0,0.6,0.0
2007-01-12 17:00:00,0.57,0.09,241.14,2.39,0.0,0.0,0.0
2007-01-12 18:00:00,2.55,0.14,238.22,10.66,0.0,0.58,17.3
2007-01-12 19:00:00,2.23,0.1,237.31,9.37,0.0,0.05,17.25
2007-01-12 20:00:00,2.3,0.25,238.12,9.62,0.0,0.13,17.37
2007-01-12 21:00:00,1.51,0.22,240.12,6.32,0.0,0.45,2.78
2007-01-12 22:00:00,1.48,0.1,241.87,6.18,0.0,0.0,0.0
2007-01-12 23:00:00,0.8,0.15,242.96,3.33,0.0,0.6,0.0
2007-01-13 00:00:00,0.89,0.08,243.07,3.73,0.0,0.0,10.22
2007-01-13 01:00:00,0.32,0.16,240.48,1.52,0.0,0.6,0.0
2007-01-13 02:00:00,0.26,0.06,243.88,1.21,0.0,0.0,0.0
2007-01-13 03:00:00,0.3,0.12,244.04,1.41,0.0,0.27,0.0
2007-01-13 04:00:00,0.29,0.12,243.45,1.34,0.0,0.32,0.0
2007-01-13 05:00:00,0.26,0.08,242.43,1.19,0.0,0.0,0.0
2007-01-13 06:00:00,0.32,0.17,245.09,1.45,0.0,0.6,0.0
2007-01-13 07:00:00,1.79,0.15,241.15,7.48,0.0,0.0,11.17
2007-01-13 08:00:00,2.66,0.22,238.55,11.23,9.58,5.72,6.47
2007-01-13 09:00:00,1.72,0.11,238.85,7.28,9.65,0.17,4.43
2007-01-13 10:00:00,3.17,0.51,236.83,13.61,15.77,1.98,1.17
2007-01-13 11:00:00,3.56,0.31,235.95,15.23,9.7,7.53,17.08
2007-01-13 12:00:00,1.97,0.28,238.43,8.32,0.47,15.82,0.87
2007-01-13 13:00:00,1.64,0.29,240.95,6.98,0.23,12.68,0.0
2007-01-13 14:00:00,1.63,0.12,242.14,6.81,7.48,0.63,11.05
2007-01-13 15:00:00,2.07,0.18,242.73,8.54,8.12,0.87,14.62
2007-01-13 16:00:00,2.06,0.09,241.86,8.46,0.0,0.17,17.9
2007-01-13 17:00:00,2.8,0.25,237.27,11.81,0.0,0.8,13.3
2007-01-13 18:00:00,1.89,0.25,238.16,7.95,0.0,0.13,0.0
2007-01-13 19:00:00,3.15,0.35,234.94,13.44,0.0,0.43,14.05
2007-01-13 20:00:00,4.51,0.28,233.81,19.32,19.28,0.2,16.77
2007-01-13 21:00:00,4.98,0.29,232.84,21.43,10.72,0.28,16.63
2007-01-13 22:00:00,5.81,0.23,231.42,25.32,23.73,0.38,16.43
2007-01-13 23:00:00,5.07,0.15,234.51,21.79,15.37,0.0,16.87
2007-01-14 00:00:00,3.34,0.21,237.65,14.28,0.0,0.67,4.15
2007-01-14 01:00:00,2.92,0.13,238.91,12.33,0.0,0.0,0.4
2007-01-14 02:00:00,2.88,0.21,241.59,12.31,10.78,0.6,12.28
2007-01-14 03:00:00,1.12,0.09,241.07,5.09,0.0,0.05,0.0
2007-01-14 04:00:00,1.13,0.09,241.35,5.12,0.0,0.05,0.0
2007-01-14 05:00:00,1.19,0.14,240.76,5.4,0.0,0.6,0.0
2007-01-14 06:00:00,1.58,0.07,240.48,6.91,0.0,0.0,0.0
2007-01-14 07:00:00,1.14,0.17,239.72,5.18,0.0,0.62,0.0
2007-01-14 08:00:00,1.32,0.06,240.76,5.87,0.0,0.0,0.0
2007-01-14 09:00:00,2.23,0.09,238.14,9.55,0.0,0.18,11.43
2007-01-14 10:00:00,1.74,0.14,237.2,7.48,0.0,1.32,12.17
2007-01-14 11:00:00,1.01,0.09,238.46,4.39,0.0,4.08,6.27
2007-01-14 12:00:00,0.71,0.19,237.51,3.25,0.0,5.48,0.0
2007-01-14 13:00:00,1.3,0.25,241.09,5.5,0.0,0.03,11.82
2007-01-14 14:00:00,1.83,0.26,242.21,7.65,0.0,0.47,17.97
2007-01-14 15:00:00,2.1,0.14,242.41,8.67,8.43,1.07,17.98
2007-01-14 16:00:00,3.43,0.19,239.12,14.46,10.38,22.45,7.42
2007-01-14 17:00:00,4.21,0.19,234.15,18.1,0.02,26.73,11.75
2007-01-14 18:00:00,3.59,0.19,233.32,15.41,0.0,4.02,16.69
2007-01-14 19:00:00,3.29,0.35,232.91,14.2,0.0,0.5,16.65
2007-01-14 20:00:00,3.19,0.19,233.75,13.63,0.0,0.47,16.75
2007-01-14 21:00:00,2.11,0.15,237.12,8.86,0.0,0.0,17.23
2007-01-14 22:00:00,1.46,0.1,239.65,6.07,0.0,0.45,17.58
2007-01-14 23:00:00,1.37,0.11,242.3,5.62,0.0,0.42,17.98
2007-01-15 00:00:00,1.36,0.09,242.09,5.53,0.0,0.0,17.93
2007-01-15 01:00:00,1.34,0.09,240.43,5.53,0.0,0.43,17.7
2007-01-15 02:00:00,0.46,0.09,244.29,1.96,0.0,0.2,3.18
2007-01-15 03:00:00,0.29,0.11,244.89,1.3,0.0,0.22,0.0
2007-01-15 04:00:00,0.29,0.12,244.3,1.29,0.0,0.42,0.0
2007-01-15 05:00:00,0.24,0.04,242.92,1.02,0.0,0.0,0.0
2007-01-15 06:00:00,0.31,0.14,244.39,1.41,0.0,0.4,0.0
2007-01-15 07:00:00,1.94,0.08,239.0,8.18,0.0,0.0,12.08
2007-01-15 08:00:00,2.6,0.15,237.92,10.9,4.62,0.4,17.35
2007-01-15 09:00:00,1.6,0.07,238.13,6.62,4.9,0.03,17.38
2007-01-15 10:00:00,1.86,0.1,238.13,7.78,8.8,0.38,17.38
2007-01-15 11:00:00,1.37,0.1,240.39,5.67,0.0,0.18,17.7
2007-01-15 12:00:00,1.13,0.08,241.86,4.71,0.0,0.22,12.72
2007-01-15 13:00:00,0.65,0.16,242.42,3.13,0.0,0.33,0.0
2007-01-15 14:00:00,1.48,0.12,243.62,6.23,0.0,0.08,13.05
2007-01-15 15:00:00,1.62,0.12,244.26,6.69,0.0,0.42,18.25
2007-01-15 16:00:00,1.54,0.08,243.7,6.33,0.0,0.0,18.18
2007-01-15 17:00:00,1.79,0.21,238.09,7.56,0.0,0.42,17.37
2007-01-15 18:00:00,2.25,0.1,237.71,9.44,0.0,0.0,17.32
2007-01-15 19:00:00,2.97,0.16,235.36,12.64,0.0,7.98,16.98
2007-01-15 20:00:00,2.74,0.18,237.93,11.57,0.0,0.0,17.35
2007-01-15 21:00:00,1.62,0.16,240.44,6.8,0.0,0.43,0.78
2007-01-15 22:00:00,1.86,0.14,243.7,7.63,0.0,0.0,0.0
2007-01-15 23:00:00,2.49,0.23,243.81,10.34,0.0,24.77,0.0
2007-01-16 00:00:00,0.39,0.14,245.07,1.77,0.0,1.73,0.0
2007-01-16 01:00:00,0.3,0.07,242.37,1.3,0.0,0.72,0.0
2007-01-16 02:00:00,0.31,0.12,244.59,1.4,0.0,0.62,0.0
2007-01-16 03:00:00,0.29,0.09,243.66,1.32,0.0,0.17,0.0
2007-01-16 04:00:00,0.78,0.08,241.3,3.3,0.0,0.62,8.2
2007-01-16 05:00:00,0.41,0.07,243.11,1.77,0.0,0.17,2.22
2007-01-16 06:00:00,0.7,0.13,243.37,3.05,0.0,0.62,0.6
2007-01-16 07:00:00,2.48,0.13,239.69,10.34,0.02,0.03,17.62
2007-01-16 08:00:00,1.08,0.12,241.73,4.59,8.55,0.42,3.75
2007-01-16 09:00:00,0.89,0.1,242.55,3.79,9.12,0.0,0.0
2007-01-16 10:00:00,0.4,0.11,240.54,1.9,0.0,0.42,0.0
2007-01-16 11:00:00,0.64,0.09,241.19,2.87,0.0,0.0,0.0
2007-01-16 12:00:00,1.93,0.24,241.9,8.3,16.6,0.77,0.0
2007-01-16 13:00:00,0.94,0.21,243.1,4.07,0.1,0.95,1.13
2007-01-16 14:00:00,1.92,0.14,241.91,7.94,0.0,0.77,17.92
2007-01-16 15:00:00,0.89,0.11,244.8,3.76,0.0,0.58,4.7
2007-01-16 16:00:00,1.65,0.15,243.52,6.81,0.0,0.5,15.45
2007-01-16 17:00:00,2.86,0.26,237.79,12.11,0.0,0.42,17.32
2007-01-16 18:00:00,3.13,0.1,236.96,13.19,0.0,0.0,17.2
2007-01-16 19:00:00,1.96,0.14,237.97,8.29,0.0,0.42,3.62
2007-01-16 20:00:00,1.4,0.13,239.25,6.02,0.0,0.0,0.0
2007-01-16 21:00:00,1.4,0.13,239.93,5.9,0.0,0.42,0.0
2007-01-16 22:00:00,0.95,0.1,245.19,3.96,0.0,0.27,0.0
2007-01-16 23:00:00,0.39,0.13,245.2,1.68,0.0,0.15,0.0
2007-01-17 00:00:00,0.3,0.13,243.56,1.34,0.0,0.42,0.0
2007-01-17 01:00:00,0.25,0.05,241.69,1.03,0.0,0.0,0.0
2007-01-17 02:00:00,0.86,0.12,242.62,3.57,0.0,0.42,9.38
2007-01-17 03:00:00,0.27,0.08,243.4,1.13,0.0,0.0,0.0
2007-01-17 04:00:00,0.29,0.11,242.95,1.27,0.0,0.42,0.0
2007-01-17 05:00:00,0.26,0.07,241.77,1.13,0.0,0.0,0.0
2007-01-17 06:00:00,0.88,0.11,240.9,3.8,0.0,0.42,2.05
2007-01-17 07:00:00,2.24,0.14,239.11,9.31,0.0,0.0,17.53
2007-01-17 08:00:00,3.12,0.24,241.25,13.04,4.33,7.12,17.82
2007-01-17 09:00:00,3.23,0.33,240.0,13.61,17.7,1.03,17.65
2007-01-17 10:00:00,4.09,0.17,237.3,17.36,8.93,30.72,17.25
2007-01-17 11:00:00,2.45,0.1,239.94,10.21,9.2,1.47,17.63
2007-01-17 12:00:00,1.75,0.11,241.62,7.26,0.0,0.63,17.88
2007-01-17 13:00:00,1.43,0.11,243.25,5.85,0.0,0.63,18.1
2007-01-17 14:00:00,1.53,0.1,244.21,6.23,0.0,1.25,18.25
2007-01-17 15:00:00,3.87,0.21,242.65,16.05,0.0,30.6,18.02
2007-01-17 16:00:00,1.89,0.12,244.71,7.68,0.0,1.53,18.32
2007-01-17 17:00:00,3.07,0.18,240.38,12.87,0.0,17.32,15.2
2007-01-17 18:00:00,1.67,0.12,238.56,6.96,0.0,0.33,0.0
2007-01-17 19:00:00,2.61,0.16,236.84,11.09,0.0,0.45,0.0
2007-01-17 20:00:00,3.22,0.21,236.74,13.7,0.0,0.0,9.98
2007-01-17 21:00:00,3.54,0.14,237.26,14.95,2.47,0.43,16.88
2007-01-17 22:00:00,2.72,0.11,240.47,11.33,6.45,0.03,17.72
2007-01-17 23:00:00,1.96,0.11,242.96,8.03,9.25,0.4,18.07
2007-01-18 00:00:00,1.4,0.13,242.4,5.75,0.0,0.32,17.98
2007-01-18 01:00:00,1.13,0.07,241.59,4.63,0.0,0.12,14.35
2007-01-18 02:00:00,0.3,0.12,244.21,1.36,0.0,0.43,0.0
2007-01-18 03:00:00,0.29,0.1,244.09,1.28,0.0,0.0,0.0
2007-01-18 04:00:00,0.29,0.1,243.98,1.36,0.0,0.43,0.0
2007-01-18 05:00:00,0.27,0.08,242.76,1.17,0.0,0.0,0.0
2007-01-18 06:00:00,0.75,0.1,243.46,3.21,0.0,0.43,3.43
2007-01-18 07:00:00,2.62,0.11,238.33,11.0,0.0,0.0,17.4
2007-01-18 08:00:00,1.66,0.15,238.38,6.94,0.0,0.43,17.42
2007-01-18 09:00:00,1.33,0.06,239.68,5.47,0.0,0.0,17.6
2007-01-18 10:00:00,0.87,0.13,239.68,3.65,0.0,0.43,9.3
2007-01-18 11:00:00,0.28,0.08,241.24,1.3,0.0,0.1,0.0
2007-01-18 12:00:00,0.31,0.13,240.37,1.42,0.0,0.33,0.0
2007-01-18 13:00:00,0.51,0.12,240.02,2.35,0.0,0.23,0.0
2007-01-18 14:00:00,0.37,0.09,242.6,1.71,0.0,0.2,0.0
2007-01-18 15:00:00,0.61,0.16,243.51,2.63,0.0,0.38,4.38
2007-01-18 16:00:00,1.63,0.17,241.96,6.77,0.0,0.03,17.93
2007-01-18 17:00:00,2.15,0.12,236.99,9.06,0.0,0.43,17.2
2007-01-18 18:00:00,3.13,0.17,235.67,13.28,0.0,0.0,17.03
2007-01-18 19:00:00,2.79,0.26,238.21,11.76,0.0,0.42,14.6
2007-01-18 20:00:00,2.97,0.14,239.27,12.39,0.0,0.0,17.53
2007-01-18 21:00:00,2.78,0.13,238.42,11.66,0.0,0.43,17.42
2007-01-18 22:00:00,1.4,0.11,240.6,5.81,0.0,0.0,17.73
2007-01-18 23:00:00,0.52,0.11,244.01,2.26,0.0,0.43,3.53
2007-01-19 00:00:00,0.31,0.1,241.63,1.36,0.0,0.0,0.0
2007-01-19 01:00:00,0.32,0.12,241.05,1.41,0.0,0.43,0.0
2007-01-19 02:00:00,0.3,0.1,242.52,1.37,0.0,0.07,0.0
2007-01-19 03:00:00,0.31,0.1,241.36,1.38,0.0,0.35,0.0
2007-01-19 04:00:00,0.32,0.11,240.74,1.42,0.0,0.25,0.0
2007-01-19 05:00:00,0.3,0.09,239.4,1.34,0.0,0.18,0.0
2007-01-19 06:00:00,0.8,0.11,243.09,3.4,0.0,0.4,0.42
2007-01-19 07:00:00,2.84,0.16,238.07,11.94,0.03,0.02,15.02
2007-01-19 08:00:00,2.13,0.14,236.89,8.97,8.67,0.42,17.2
2007-01-19 09:00:00,1.83,0.06,235.89,7.76,9.28,0.0,17.05
2007-01-19 10:00:00,1.14,0.1,236.81,4.81,0.0,0.43,14.3
2007-01-19 11:00:00,0.26,0.07,239.8,1.12,0.0,0.0,0.0
2007-01-19 12:00:00,0.3,0.13,241.81,1.34,0.0,0.42,0.0
2007-01-19 13:00:00,0.38,0.06,243.34,1.68,0.0,0.0,0.0
2007-01-19 14:00:00,0.42,0.17,244.77,1.97,0.0,0.42,0.0
2007-01-19 15:00:00,0.36,0.12,245.82,1.65,0.0,0.13,0.0
2007-01-19 16:00:00,1.03,0.12,243.26,4.33,0.0,0.3,6.5
2007-01-19 17:00:00,1.34,0.14,240.1,5.61,0.0,0.33,15.17
2007-01-19 18:00:00,0.73,0.11,237.1,3.2,0.0,0.08,0.0
2007-01-19 19:00:00,0.96,0.15,235.98,4.12,0.0,0.42,0.0
2007-01-19 20:00:00,1.55,0.18,237.53,6.52,0.0,0.0,0.0
2007-01-19 21:00:00,2.42,0.26,237.56,10.22,0.0,0.42,13.53
2007-01-19 22:00:00,2.49,0.06,238.68,10.46,7.88,0.0,12.75
2007-01-19 23:00:00,1.82,0.09,240.66,7.65,9.18,0.43,7.6
2007-01-20 00:00:00,1.73,0.11,241.2,7.43,0.0,0.0,0.0
2007-01-20 01:00:00,1.15,0.12,242.7,5.19,0.0,0.42,0.0
2007-01-20 02:00:00,1.04,0.08,243.49,4.67,0.0,0.03,0.0
2007-01-20 03:00:00,1.12,0.14,241.44,5.1,0.0,0.4,0.0
2007-01-20 04:00:00,1.02,0.09,241.29,4.65,0.0,0.22,0.0
2007-01-20 05:00:00,1.05,0.1,240.46,4.75,0.0,0.2,0.0
2007-01-20 06:00:00,1.11,0.14,242.26,4.97,0.0,0.4,0.0
2007-01-20 07:00:00,2.11,0.07,239.81,9.08,0.0,0.03,9.0
2007-01-20 08:00:00,2.04,0.25,238.95,8.74,0.0,0.43,0.82
2007-01-20 09:00:00,2.05,0.06,237.88,8.6,0.0,6.97,11.62
2007-01-20 10:00:00,2.28,0.34,234.99,9.9,16.87,1.35,0.0
2007-01-20 11:00:00,2.08,0.38,236.73,9.03,7.88,0.0,11.53
2007-01-20 12:00:00,1.84,0.33,239.92,7.84,5.82,0.43,11.98
2007-01-20 13:00:00,4.25,0.34,237.21,18.09,10.9,29.03,17.25
2007-01-20 14:00:00,2.63,0.16,241.37,11.05,7.52,12.22,17.83
2007-01-20 15:00:00,1.97,0.17,240.11,8.21,8.55,1.12,17.65
2007-01-20 16:00:00,1.95,0.09,238.77,8.14,0.0,0.17,17.45
2007-01-20 17:00:00,2.8,0.11,236.02,11.85,0.0,0.63,17.07
2007-01-20 18:00:00,4.31,0.14,230.63,18.73,0.0,9.33,16.33
2007-01-20 19:00:00,5.34,0.27,231.12,23.18,0.0,21.72,16.38
2007-01-20 20:00:00,3.71,0.14,235.46,15.75,5.43,1.07,16.98
2007-01-20 21:00:00,2.43,0.13,239.07,10.21,9.1,0.15,8.77
2007-01-20 22:00:00,1.1,0.11,239.46,4.6,0.0,0.63,0.0
2007-01-20 23:00:00,1.12,0.09,242.5,4.6,0.0,0.08,0.0
2007-01-21 00:00:00,1.37,0.24,241.96,6.06,0.0,0.43,0.0
2007-01-21 01:00:00,1.5,0.08,240.88,6.48,0.0,0.17,5.9
2007-01-21 02:00:00,1.57,0.09,243.08,6.75,0.0,0.27,6.6
2007-01-21 03:00:00,1.2,0.13,242.98,5.4,0.0,0.42,0.0
2007-01-21 04:00:00,1.17,0.05,243.89,5.41,0.0,0.0,0.0
2007-01-21 05:00:00,1.21,0.11,242.67,5.5,0.0,0.43,0.0
2007-01-21 06:00:00,1.78,0.07,242.18,7.62,0.0,0.0,0.0
2007-01-21 07:00:00,1.09,0.1,240.87,4.76,0.0,0.42,0.0
2007-01-21 08:00:00,1.93,0.09,239.37,8.36,0.0,0.0,6.77
2007-01-21 09:00:00,1.92,0.09,237.15,8.28,0.0,0.4,11.47
2007-01-21 10:00:00,2.13,0.06,236.98,9.05,0.0,0.0,17.22
2007-01-21 11:00:00,2.86,0.24,236.47,12.15,20.8,0.42,17.13
2007-01-21 12:00:00,2.7,0.32,236.48,11.53,18.18,0.02,17.15
2007-01-21 13:00:00,2.76,0.3,237.52,11.76,17.52,0.4,17.3
2007-01-21 14:00:00,1.93,0.22,241.55,8.03,5.78,0.18,17.87
2007-01-21 15:00:00,1.75,0.12,239.92,7.48,12.0,7.5,0.98
2007-01-21 16:00:00,1.23,0.09,240.21,5.15,0.0,0.4,0.0
2007-01-21 17:00:00,2.85,0.09,236.24,12.25,0.0,22.22,7.93
2007-01-21 18:00:00,3.65,0.17,234.19,15.65,6.3,7.87,16.82
2007-01-21 19:00:00,5.33,0.26,229.01,23.39,7.93,28.13,16.1
2007-01-21 20:00:00,6.08,0.26,231.34,26.32,29.72,15.68,16.43
2007-01-21 21:00:00,5.91,0.3,235.72,25.12,41.68,6.37,17.02
2007-01-21 22:00:00,2.33,0.21,240.76,9.76,12.47,0.7,0.63
2007-01-21 23:00:00,0.55,0.13,243.82,2.3,0.05,0.37,0.0
2007-01-22 00:00:00,0.32,0.14,243.36,1.43,0.0,0.43,0.0
2007-01-22 01:00:00,0.26,0.06,243.56,1.11,0.0,0.0,0.0
2007-01-22 02:00:00,0.3,0.12,245.16,1.41,0.0,0.42,0.0
2007-01-22 03:00:00,0.26,0.06,245.16,1.17,0.0,0.0,0.0
2007-01-22 04:00:00,0.3,0.12,244.63,1.35,0.0,0.43,0.0
2007-01-22 05:00:00,0.27,0.07,244.06,1.15,0.0,0.0,0.0
2007-01-22 06:00:00,0.99,0.1,244.25,4.1,0.0,0.42,11.55
2007-01-22 07:00:00,1.86,0.14,241.43,7.78,0.0,0.0,0.9
2007-01-22 08:00:00,3.09,0.14,239.18,12.9,0.0,0.4,17.53
2007-01-22 09:00:00,2.42,0.13,239.02,10.12,8.77,0.1,17.5
2007-01-22 10:00:00,1.89,0.1,239.55,7.88,8.8,0.32,17.58
2007-01-22 11:00:00,1.34,0.09,238.89,5.55,0.0,0.18,17.48
2007-01-22 12:00:00,1.35,0.09,241.33,5.55,0.0,0.23,17.83
2007-01-22 13:00:00,1.1,0.15,241.98,4.68,0.0,0.27,10.25
2007-01-22 14:00:00,1.44,0.1,245.46,5.82,0.0,0.15,18.43
2007-01-22 15:00:00,1.42,0.14,244.83,5.76,0.0,0.33,18.33
2007-01-22 16:00:00,1.19,0.07,244.13,4.87,0.0,0.08,15.3
2007-01-22 17:00:00,1.15,0.13,238.68,4.85,0.0,0.38,0.0
2007-01-22 18:00:00,1.36,0.11,237.07,5.83,0.0,0.23,0.0
2007-01-22 19:00:00,3.7,0.28,234.64,15.82,0.0,6.87,10.58
2007-01-22 20:00:00,4.46,0.13,235.94,18.97,0.0,26.12,16.07
2007-01-22 21:00:00,2.57,0.14,238.92,10.88,0.0,11.1,0.0
2007-01-22 22:00:00,1.66,0.09,243.58,6.83,0.0,0.97,0.0
2007-01-22 23:00:00,1.63,0.1,243.67,6.71,0.0,0.28,0.0
2007-01-23 00:00:00,2.04,0.15,243.39,8.61,0.0,11.48,10.7
2007-01-23 01:00:00,0.54,0.09,244.67,2.51,0.0,0.63,0.0
2007-01-23 02:00:00,0.47,0.1,245.87,2.23,0.0,0.62,0.0
2007-01-23 03:00:00,0.47,0.09,245.81,2.19,0.0,0.23,0.0
2007-01-23 04:00:00,0.47,0.08,244.11,2.15,0.0,0.57,0.0
2007-01-23 05:00:00,0.47,0.08,243.84,2.17,0.0,0.43,0.0
2007-01-23 06:00:00,0.45,0.07,243.8,2.15,0.0,0.37,0.0
2007-01-23 07:00:00,2.23,0.14,239.88,9.41,0.0,0.45,7.05
2007-01-23 08:00:00,1.66,0.07,242.39,6.85,0.0,0.08,17.98
2007-01-23 09:00:00,1.42,0.09,240.78,5.89,0.0,0.4,16.92
2007-01-23 10:00:00,0.26,0.06,241.05,1.09,0.0,0.02,0.0
2007-01-23 11:00:00,0.3,0.11,241.37,1.32,0.0,0.4,0.0
2007-01-23 12:00:00,0.27,0.07,242.73,1.15,0.0,0.0,0.0
2007-01-23 13:00:00,0.29,0.11,242.92,1.26,0.0,0.38,0.0
2007-01-23 14:00:00,0.27,0.07,244.46,1.19,0.0,0.02,0.0
2007-01-23 15:00:00,0.29,0.11,246.77,1.28,0.0,0.33,0.0
2007-01-23 16:00:00,0.34,0.13,246.66,1.49,0.0,0.08,0.0
2007-01-23 17:00:00,2.0,0.08,242.59,8.24,0.0,0.23,9.07
2007-01-23 18:00:00,2.39,0.12,241.01,9.87,0.0,0.18,0.0
2007-01-23 19:00:00,3.64,0.07,238.92,15.3,0.0,0.08,0.0
2007-01-23 20:00:00,3.58,0.16,237.58,15.19,0.0,0.32,8.33
2007-01-23 21:00:00,2.92,0.06,238.86,12.36,0.0,0.0,14.3
2007-01-23 22:00:00,1.54,0.12,242.95,6.65,0.0,0.42,0.0
2007-01-23 23:00:00,1.32,0.06,243.88,5.7,0.0,0.0,0.0
2007-01-24 00:00:00,1.85,0.11,243.2,7.8,0.0,0.42,6.72
2007-01-24 01:00:00,1.59,0.06,243.03,6.79,0.0,0.0,2.97
2007-01-24 02:00:00,1.48,0.1,244.42,6.37,0.0,0.4,0.0
2007-01-24 03:00:00,1.48,0.05,243.76,6.39,0.0,0.0,0.0
2007-01-24 04:00:00,1.45,0.1,243.88,6.24,0.0,0.4,0.0
2007-01-24 05:00:00,1.45,0.06,243.14,6.15,0.0,0.0,0.0
2007-01-24 06:00:00,1.38,0.11,244.7,6.0,0.0,0.42,0.0
2007-01-24 07:00:00,3.52,0.06,238.98,14.98,0.0,0.0,13.07
2007-01-24 08:00:00,3.76,0.08,238.55,15.87,0.2,5.52,17.45
2007-01-24 09:00:00,3.52,0.05,237.78,14.82,10.57,18.73,17.33
2007-01-24 10:00:00,2.63,0.14,237.51,11.2,10.43,11.55,17.3
2007-01-24 11:00:00,1.56,0.17,239.74,6.57,0.0,0.6,15.17
2007-01-24 12:00:00,2.87,0.3,239.52,12.04,19.1,0.6,17.57
2007-01-24 13:00:00,1.84,0.12,242.39,7.56,6.25,0.17,18.0
2007-01-24 14:00:00,1.58,0.15,244.55,6.45,2.27,0.6,18.3
2007-01-24 15:00:00,2.54,0.1,243.42,10.41,8.92,0.17,18.15
2007-01-24 16:00:00,2.72,0.11,244.59,11.09,0.0,0.55,14.72
2007-01-24 17:00:00,1.69,0.08,241.36,6.97,0.0,0.0,0.0
2007-01-24 18:00:00,2.17,0.12,236.34,9.16,0.0,0.4,0.0
2007-01-24 19:00:00,2.16,0.17,236.98,9.2,0.0,0.0,0.0
2007-01-24 20:00:00,2.96,0.22,237.97,12.45,0.0,0.42,11.98
2007-01-24 21:00:00,1.55,0.18,240.43,6.49,0.0,0.0,0.0
2007-01-24 22:00:00,0.92,0.22,244.43,3.91,0.0,0.4,0.0
2007-01-24 23:00:00,1.14,0.12,244.3,4.7,0.0,0.0,7.02
2007-01-25 00:00:00,0.6,0.14,245.71,2.52,0.0,0.42,4.68
2007-01-25 01:00:00,0.25,0.05,243.44,1.08,0.0,0.0,0.0
2007-01-25 02:00:00,0.31,0.14,247.16,1.38,0.0,0.4,0.0
2007-01-25 03:00:00,0.26,0.06,248.37,1.16,0.0,0.0,0.0
2007-01-25 04:00:00,0.32,0.14,247.94,1.44,0.0,0.4,0.0
2007-01-25 05:00:00,0.26,0.06,246.36,1.15,0.0,0.0,0.0
2007-01-25 06:00:00,0.51,0.13,245.26,2.22,0.0,0.4,1.98
2007-01-25 07:00:00,2.62,0.05,239.76,10.88,0.0,0.0,17.62
2007-01-25 08:00:00,1.33,0.07,239.62,5.47,0.0,0.17,17.6
2007-01-25 09:00:00,0.59,0.08,241.92,2.43,0.0,0.22,5.25
2007-01-25 10:00:00,0.27,0.07,242.39,1.13,0.0,0.0,0.0
2007-01-25 11:00:00,0.29,0.11,242.53,1.28,0.0,0.4,0.0
2007-01-25 12:00:00,0.29,0.06,242.31,1.27,0.0,0.0,0.0
2007-01-25 13:00:00,0.36,0.14,243.51,1.58,0.0,0.4,0.0
2007-01-25 14:00:00,1.2,0.07,244.09,4.91,0.0,0.0,12.53
2007-01-25 15:00:00,1.72,0.22,244.36,7.08,0.0,0.4,18.3
2007-01-25 16:00:00,1.49,0.09,247.74,5.97,0.0,0.0,18.78
2007-01-25 17:00:00,1.76,0.1,241.4,7.3,1.73,0.18,17.87
2007-01-25 18:00:00,2.42,0.09,239.4,10.09,7.93,0.2,16.3
2007-01-25 19:00:00,3.04,0.08,236.57,12.94,9.63,0.0,17.17
2007-01-25 20:00:00,2.03,0.1,240.78,8.49,0.0,0.38,17.77
2007-01-25 21:00:00,2.3,0.11,242.77,9.51,0.0,0.0,10.72
2007-01-25 22:00:00,1.34,0.1,243.16,5.51,0.0,0.4,0.0
2007-01-25 23:00:00,1.05,0.12,245.66,4.32,0.0,0.0,10.75
2007-01-26 00:00:00,0.29,0.11,244.99,1.33,0.0,0.4,0.0
2007-01-26 01:00:00,0.28,0.08,243.55,1.2,0.0,0.0,0.0
2007-01-26 02:00:00,0.27,0.07,245.53,1.2,0.0,0.15,0.0
2007-01-26 03:00:00,0.28,0.09,244.58,1.28,0.0,0.23,0.0
2007-01-26 04:00:00,0.27,0.07,244.87,1.19,0.0,0.0,0.0
2007-01-26 05:00:00,0.29,0.1,245.22,1.32,0.0,0.4,0.0
2007-01-26 06:00:00,1.1,0.08,244.38,4.59,0.0,0.0,8.47
2007-01-26 07:00:00,2.27,0.08,239.29,9.43,0.0,0.4,15.55
2007-01-26 08:00:00,0.51,0.08,242.33,2.2,0.0,0.0,0.0
2007-01-26 09:00:00,0.8,0.06,240.48,3.47,0.0,0.18,0.0
2007-01-26 10:00:00,0.8,0.09,241.28,3.53,0.0,0.2,1.17
2007-01-26 11:00:00,2.54,0.06,238.56,10.6,0.0,0.0,17.47
2007-01-26 12:00:00,1.71,0.15,240.93,7.27,0.0,0.38,17.78
2007-01-26 13:00:00,1.59,0.09,243.06,6.59,0.0,0.0,18.1
2007-01-26 14:00:00,1.54,0.1,245.57,6.3,0.0,0.4,18.47
2007-01-26 15:00:00,0.67,0.08,247.51,2.77,0.0,0.0,6.65
2007-01-26 16:00:00,0.29,0.11,248.07,1.3,0.0,0.3,0.0
2007-01-26 17:00:00,0.59,0.11,242.43,2.52,0.0,0.1,0.0
2007-01-26 18:00:00,0.91,0.12,239.83,3.81,0.0,0.0,0.0
2007-01-26 19:00:00,1.74,0.12,239.5,7.25,0.0,0.4,0.0
2007-01-26 20:00:00,1.48,0.11,239.56,6.14,0.0,0.0,1.35
2007-01-26 21:00:00,2.61,0.18,239.27,10.88,0.0,0.38,16.97
2007-01-26 22:00:00,2.4,0.12,240.8,9.98,9.78,0.0,6.38
2007-01-26 23:00:00,1.75,0.1,244.92,7.16,9.6,0.42,8.95
2007-01-27 00:00:00,0.51,0.07,245.0,2.13,0.6,0.0,0.0
2007-01-27 01:00:00,0.43,0.1,243.2,1.85,0.0,0.33,0.0
2007-01-27 02:00:00,0.26,0.05,244.45,1.17,0.0,0.05,0.0
2007-01-27 03:00:00,0.28,0.09,245.46,1.26,0.0,0.02,0.0
2007-01-27 04:00:00,0.29,0.1,245.57,1.29,0.0,0.37,0.0
2007-01-27 05:00:00,0.29,0.08,245.9,1.24,0.0,0.0,0.0
2007-01-27 06:00:00,0.53,0.1,245.13,2.29,0.0,0.4,4.02
2007-01-27 07:00:00,1.53,0.06,241.41,6.42,0.0,0.0,6.5
2007-01-27 08:00:00,2.05,0.19,240.27,8.64,0.0,3.85,2.47
2007-01-27 09:00:00,1.85,0.07,238.07,7.72,0.0,6.82,17.38
2007-01-27 10:00:00,1.83,0.2,238.96,7.71,0.0,0.4,17.5
2007-01-27 11:00:00,1.58,0.1,237.53,6.62,0.0,0.0,17.3
2007-01-27 12:00:00,1.4,0.08,238.67,5.85,0.0,0.23,17.47
2007-01-27 13:00:00,1.54,0.15,242.32,6.36,0.0,0.18,17.98
2007-01-27 14:00:00,3.24,0.13,240.28,13.55,8.78,16.77,17.7
2007-01-27 15:00:00,2.09,0.13,243.11,8.62,1.2,10.6,18.1
2007-01-27 16:00:00,2.05,0.12,243.45,8.41,8.92,1.05,18.15
2007-01-27 17:00:00,1.43,0.05,239.61,5.92,0.0,0.17,17.58
2007-01-27 18:00:00,2.05,0.13,237.06,8.61,0.0,0.58,12.1
2007-01-27 19:00:00,2.11,0.19,237.5,8.97,0.0,7.33,0.0
2007-01-27 20:00:00,2.01,0.09,237.08,8.55,0.0,2.15,13.13
2007-01-27 21:00:00,1.05,0.05,242.34,4.34,0.0,0.33,6.43
2007-01-27 22:00:00,0.56,0.07,243.67,2.38,0.0,0.42,0.0
2007-01-27 23:00:00,3.09,0.06,242.75,12.9,0.0,12.88,2.42
2007-01-28 00:00:00,3.17,0.14,242.69,13.26,0.0,21.3,8.45
2007-01-28 01:00:00,1.44,0.07,240.89,6.17,0.0,0.63,0.0
2007-01-28 02:00:00,1.39,0.07,243.13,5.98,0.0,0.58,0.0
2007-01-28 03:00:00,1.44,0.09,244.72,6.31,0.0,0.28,0.0
2007-01-28 04:00:00,1.45,0.07,245.46,6.24,0.0,0.47,0.0
2007-01-28 05:00:00,1.41,0.07,244.69,6.13,0.0,0.33,0.0
2007-01-28 06:00:00,1.46,0.09,243.91,6.33,0.0,0.43,0.0
2007-01-28 07:00:00,1.37,0.05,242.5,5.95,0.0,0.23,0.0
2007-01-28 08:00:00,2.23,0.09,241.4,9.6,0.0,0.32,8.27
2007-01-28 09:00:00,2.17,0.06,241.02,9.2,0.0,0.03,7.52
2007-01-28 10:00:00,1.77,0.09,239.38,7.58,0.0,0.37,0.0
2007-01-28 11:00:00,2.16,0.04,237.55,9.11,1.65,0.0,13.57
2007-01-28 12:00:00,4.2,0.31,234.55,18.02,18.98,18.5,16.88
2007-01-28 13:00:00,3.37,0.23,237.14,14.27,6.1,19.67,17.23
2007-01-28 14:00:00,1.78,0.1,241.38,7.34,4.12,0.62,17.85
2007-01-28 15:00:00,2.3,0.12,242.63,9.56,9.4,0.6,10.55
2007-01-28 16:00:00,2.03,0.05,240.92,8.39,0.0,0.17,17.8
2007-01-28 17:00:00,2.52,0.07,235.89,10.62,0.0,0.56,17.02
2007-01-28 18:00:00,3.29,0.08,235.14,13.97,0.0,0.15,16.97
2007-01-28 19:00:00,2.5,0.18,234.98,10.63,0.03,0.57,16.93
2007-01-28 20:00:00,3.79,0.07,234.3,16.22,7.8,0.0,16.85
2007-01-28 21:00:00,3.08,0.19,237.56,13.0,9.68,0.42,15.13
2007-01-28 22:00:00,0.91,0.1,241.66,3.8,0.0,0.0,0.0
2007-01-28 23:00:00,0.34,0.14,243.75,1.52,0.0,0.4,0.0
2007-01-29 00:00:00,0.28,0.07,243.88,1.18,0.0,0.0,0.0
2007-01-29 01:00:00,0.31,0.12,243.28,1.4,0.0,0.4,0.0
2007-01-29 02:00:00,0.28,0.06,245.03,1.2,0.0,0.0,0.0
2007-01-29 03:00:00,0.32,0.12,246.84,1.41,0.0,0.42,0.0
2007-01-29 04:00:00,0.27,0.06,245.65,1.18,0.0,0.0,0.0
2007-01-29 05:00:00,1.06,0.11,245.18,4.38,0.0,0.42,12.45
2007-01-29 06:00:00,0.49,0.07,246.72,2.12,0.0,0.0,0.0
2007-01-29 07:00:00,1.25,0.12,240.82,5.28,0.0,0.4,3.38
2007-01-29 08:00:00,1.57,0.08,238.15,6.58,0.0,0.0,17.4
2007-01-29 09:00:00,1.83,0.08,236.96,7.73,0.0,0.4,17.22
2007-01-29 10:00:00,1.52,0.07,237.35,6.35,0.0,0.0,17.27
2007-01-29 11:00:00,1.41,0.09,238.24,5.88,0.0,0.42,17.4
2007-01-29 12:00:00,1.59,0.1,238.85,6.69,0.0,0.0,17.48
2007-01-29 13:00:00,1.77,0.22,238.37,7.51,0.0,0.42,17.42
2007-01-29 14:00:00,1.49,0.09,240.98,6.11,0.0,0.0,17.8
2007-01-29 15:00:00,1.47,0.14,244.29,5.97,0.0,0.4,18.28
2007-01-29 16:00:00,1.77,0.23,244.67,7.32,0.0,0.0,18.32
2007-01-29 17:00:00,1.65,0.09,238.61,6.9,0.0,0.42,17.45
2007-01-29 18:00:00,2.39,0.15,235.04,10.16,0.0,0.0,16.95
2007-01-29 19:00:00,2.89,0.29,234.44,12.36,0.0,0.4,16.87
2007-01-29 20:00:00,3.42,0.07,235.13,14.52,8.8,0.0,16.97
2007-01-29 21:00:00,1.74,0.06,238.8,7.27,6.6,0.4,0.58
2007-01-29 22:00:00,0.95,0.12,240.66,4.0,3.32,0.0,0.0
2007-01-29 23:00:00,1.32,0.16,244.38,5.43,0.0,0.42,11.0
2007-01-30 00:00:00,0.38,0.08,242.86,1.66,0.0,0.0,1.42
2007-01-30 01:00:00,0.32,0.12,241.69,1.45,0.0,0.4,0.0
2007-01-30 02:00:00,0.29,0.08,245.03,1.27,0.0,0.0,0.0
2007-01-30 03:00:00,0.32,0.13,246.38,1.42,0.0,0.42,0.0
2007-01-30 04:00:00,0.29,0.07,245.38,1.25,0.0,0.0,0.0
2007-01-30 05:00:00,0.33,0.14,244.47,1.52,0.0,0.4,0.0
2007-01-30 06:00:00,0.95,0.05,243.55,3.93,0.0,0.0,9.17
2007-01-30 07:00:00,3.03,0.13,238.03,12.71,0.0,0.37,17.37
2007-01-30 08:00:00,1.51,0.07,238.06,6.29,0.0,0.05,17.38
2007-01-30 09:00:00,0.75,0.11,240.19,3.2,0.0,0.28,7.18
2007-01-30 10:00:00,0.28,0.07,241.92,1.24,0.0,0.12,0.0
2007-01-30 11:00:00,0.49,0.14,241.52,2.32,0.0,0.23,0.0
2007-01-30 12:00:00,0.64,0.22,242.79,2.84,0.0,0.18,0.0
2007-01-30 13:00:00,0.56,0.1,241.35,2.41,0.0,0.17,0.0
2007-01-30 14:00:00,0.64,0.11,243.99,2.76,0.0,0.25,0.0
2007-01-30 15:00:00,0.82,0.11,246.12,3.39,0.0,0.12,8.27
2007-01-30 16:00:00,1.5,0.12,245.18,6.05,0.0,0.3,18.42
2007-01-30 17:00:00,1.93,0.21,240.24,8.16,0.0,0.08,17.68
2007-01-30 18:00:00,3.21,0.37,236.97,13.68,0.0,2.28,17.22
2007-01-30 19:00:00,3.06,0.24,237.75,12.96,0.0,7.87,11.12
2007-01-30 20:00:00,2.87,0.13,238.37,12.12,4.72,0.33,7.95
2007-01-30 21:00:00,1.67,0.07,238.67,7.07,4.95,0.12,2.65
2007-01-30 22:00:00,1.99,0.08,239.75,8.37,9.05,8.77,0.0
2007-01-30 23:00:00,0.62,0.05,243.93,2.63,0.0,1.0,0.0
2007-01-31 00:00:00,0.57,0.09,240.1,2.39,0.0,0.23,0.0
2007-01-31 01:00:00,0.31,0.09,241.16,1.34,0.0,0.25,0.0
2007-01-31 02:00:00,0.6,0.11,243.55,2.54,0.0,0.17,4.78
2007-01-31 03:00:00,0.55,0.09,244.75,2.31,0.0,0.27,4.1
2007-01-31 04:00:00,0.31,0.1,243.97,1.39,0.0,0.17,0.0
2007-01-31 05:00:00,0.31,0.09,242.13,1.34,0.0,0.25,0.0
2007-01-31 06:00:00,0.42,0.08,243.07,1.84,0.0,0.17,0.0
2007-01-31 07:00:00,1.37,0.12,239.87,5.79,0.0,0.38,8.2
2007-01-31 08:00:00,2.39,0.09,235.7,10.09,0.0,0.27,17.05
2007-01-31 09:00:00,1.41,0.07,236.71,5.88,0.0,0.0,17.18
2007-01-31 10:00:00,1.38,0.11,237.66,5.74,0.0,0.63,17.32
2007-01-31 11:00:00,2.84,0.33,237.54,12.13,0.0,13.5,17.3
2007-01-31 12:00:00,3.96,0.44,236.45,16.92,0.0,32.45,17.13
2007-01-31 13:00:00,1.78,0.12,238.97,7.44,0.0,0.55,17.5
2007-01-31 14:00:00,1.85,0.08,241.68,7.62,0.0,0.63,17.9
2007-01-31 15:00:00,3.77,0.27,239.3,15.77,0.0,33.43,17.53
2007-01-31 16:00:00,2.15,0.11,242.66,8.95,0.0,12.92,18.03
2007-01-31 17:00:00,1.7,0.1,241.48,7.02,0.0,0.83,17.85
2007-01-31 18:00:00,3.03,0.13,234.38,12.9,0.0,0.8,16.85
2007-01-31 19:00:00,2.53,0.07,237.13,10.64,0.0,0.0,17.23
2007-01-31 20:00:00,1.16,0.12,238.04,5.01,0.0,0.63,5.35
2007-01-31 21:00:00,2.84,0.08,237.3,11.95,0.0,0.0,9.18
2007-01-31 22:00:00,1.86,0.09,240.49,7.77,0.0,0.25,10.37
2007-01-31 23:00:00,0.32,0.11,244.02,1.38,0.0,0.38,0.0
2007-02-01 00:00:00,0.28,0.07,242.6,1.2,0.0,0.0,0.0
2007-02-01 01:00:00,0.32,0.12,241.83,1.39,0.0,0.62,0.0
2007-02-01 02:00:00,0.29,0.08,243.45,1.29,0.0,0.0,0.0
2007-02-01 03:00:00,0.3,0.08,243.52,1.29,0.0,0.32,0.0
2007-02-01 04:00:00,0.3,0.1,242.58,1.36,0.0,0.3,0.0
2007-02-01 05:00:00,0.67,0.05,240.43,2.8,0.0,0.0,6.68
2007-02-01 06:00:00,2.22,0.14,241.4,9.24,0.0,0.62,15.42
2007-02-01 07:00:00,3.06,0.06,238.52,12.82,0.0,0.0,17.45
2007-02-01 08:00:00,3.3,0.16,236.02,13.95,9.25,0.33,17.08
2007-02-01 09:00:00,2.05,0.08,237.5,8.63,8.05,0.27,17.3
2007-02-01 10:00:00,1.47,0.08,238.56,6.13,2.2,0.0,17.43
2007-02-01 11:00:00,1.37,0.11,239.24,5.68,0.0,0.62,17.53
2007-02-01 12:00:00,0.62,0.09,240.89,2.62,0.0,0.0,5.23
2007-02-01 13:00:00,0.3,0.09,240.13,1.34,0.0,0.33,0.0
2007-02-01 14:00:00,0.31,0.11,241.39,1.4,0.0,0.28,0.0
2007-02-01 15:00:00,0.3,0.09,242.74,1.33,0.0,0.0,0.0
2007-02-01 16:00:00,0.33,0.14,242.91,1.51,0.0,0.63,0.0
2007-02-01 17:00:00,0.81,0.11,240.85,3.36,0.0,0.0,0.0
2007-02-01 18:00:00,2.58,0.17,237.39,10.85,0.0,0.75,17.05
2007-02-01 19:00:00,2.98,0.15,236.05,12.61,0.0,0.0,17.1
2007-02-01 20:00:00,2.13,0.16,237.13,8.97,0.0,0.68,17.23
2007-02-01 21:00:00,1.55,0.05,238.88,6.46,0.0,0.0,17.5
2007-02-01 22:00:00,1.5,0.15,242.32,6.15,0.0,0.47,17.98
2007-02-01 23:00:00,1.38,0.07,243.08,5.62,0.0,0.22,18.08
2007-02-02 00:00:00,0.77,0.09,242.85,3.19,0.0,0.0,7.78
2007-02-02 01:00:00,0.31,0.11,242.13,1.37,0.0,0.67,0.0
2007-02-02 02:00:00,0.29,0.08,244.26,1.25,0.0,0.0,0.0
2007-02-02 03:00:00,0.31,0.12,243.28,1.39,0.0,0.65,0.0
2007-02-02 04:00:00,0.29,0.07,242.61,1.24,0.0,0.0,0.0
2007-02-02 05:00:00,0.27,0.05,242.22,1.18,0.0,0.02,0.0
2007-02-02 06:00:00,1.25,0.15,241.67,5.39,0.0,0.62,6.53
2007-02-02 07:00:00,2.28,0.05,238.47,9.51,0.0,0.0,17.43
2007-02-02 08:00:00,1.52,0.12,239.54,6.29,0.0,0.65,17.58
2007-02-02 09:00:00,1.5,0.05,238.02,6.26,0.0,0.0,17.37
2007-02-02 10:00:00,1.66,0.08,236.85,7.04,0.0,0.0,16.47
2007-02-02 11:00:00,1.31,0.1,238.14,5.43,0.0,0.63,16.55
2007-02-02 12:00:00,0.65,0.14,239.11,2.77,0.0,0.0,0.15
2007-02-02 13:00:00,1.47,0.13,237.88,6.13,0.0,0.52,17.38
2007-02-02 14:00:00,0.83,0.1,242.0,3.48,0.0,0.13,8.72
2007-02-02 15:00:00,0.31,0.08,242.51,1.36,0.0,0.0,0.0
2007-02-02 16:00:00,0.37,0.18,241.87,1.73,0.0,0.65,0.0
2007-02-02 17:00:00,0.52,0.07,240.35,2.2,0.0,0.0,0.0
2007-02-02 18:00:00,2.29,0.1,238.81,9.59,0.0,0.32,16.98
2007-02-02 19:00:00,2.12,0.1,236.74,8.89,0.0,0.32,17.17
2007-02-02 20:00:00,1.1,0.07,239.68,4.59,0.0,0.0,1.52
2007-02-02 21:00:00,0.59,0.14,239.8,2.49,0.0,0.63,0.0
2007-02-02 22:00:00,2.35,0.06,239.51,9.75,0.0,0.0,9.72
2007-02-02 23:00:00,3.46,0.08,239.73,14.36,0.0,0.13,17.62
2007-02-03 00:00:00,3.71,0.08,239.45,15.44,0.0,0.48,17.57
2007-02-03 01:00:00,3.49,0.06,234.76,14.78,0.0,0.0,16.92
2007-02-03 02:00:00,3.5,0.09,238.32,14.62,0.0,0.62,17.18
2007-02-03 03:00:00,2.36,0.07,240.2,9.74,0.0,0.0,0.0
2007-02-03 04:00:00,2.19,0.06,239.59,9.13,0.0,0.0,0.0
2007-02-03 05:00:00,2.33,0.11,239.0,9.87,0.0,0.62,0.0
2007-02-03 06:00:00,2.08,0.05,239.21,8.79,0.0,0.0,0.0
2007-02-03 07:00:00,2.05,0.1,240.83,8.67,0.0,0.35,0.0
2007-02-03 08:00:00,2.18,0.11,241.56,9.24,0.0,0.27,0.0
2007-02-03 09:00:00,1.46,0.07,242.2,6.18,0.0,0.0,6.47
2007-02-03 10:00:00,1.54,0.15,239.98,6.41,0.0,0.62,17.65
2007-02-03 11:00:00,1.65,0.11,239.13,6.92,0.0,2.83,17.53
2007-02-03 12:00:00,1.58,0.07,238.83,6.6,0.0,0.13,17.47
2007-02-03 13:00:00,1.67,0.2,241.42,7.14,0.0,0.52,12.87
2007-02-03 14:00:00,3.93,0.25,241.79,16.39,9.67,21.45,17.93
2007-02-03 15:00:00,2.34,0.31,243.02,9.72,10.47,1.13,18.08
2007-02-03 16:00:00,2.55,0.24,240.15,10.63,0.12,9.57,17.67
2007-02-03 17:00:00,2.44,0.33,239.07,10.25,0.0,1.82,17.52
2007-02-03 18:00:00,5.02,0.31,232.62,21.67,12.7,11.03,16.6
2007-02-03 19:00:00,5.81,0.58,231.52,25.33,17.23,22.8,16.45
2007-02-03 20:00:00,3.49,0.31,234.53,14.98,8.78,0.8,16.87
2007-02-03 21:00:00,3.7,0.17,237.38,15.58,9.47,0.22,17.27
2007-02-03 22:00:00,3.35,0.21,238.55,14.12,10.67,0.8,17.45
2007-02-03 23:00:00,2.73,0.06,240.73,11.38,0.0,0.17,17.75
2007-02-04 00:00:00,5.07,0.12,239.19,21.22,12.73,0.82,17.53
2007-02-04 01:00:00,4.16,0.09,235.46,17.77,11.97,0.17,17.02
2007-02-04 02:00:00,2.36,0.09,240.77,10.13,0.0,0.4,6.55
2007-02-04 03:00:00,1.95,0.1,241.9,8.41,0.0,0.4,0.0
2007-02-04 04:00:00,1.96,0.07,241.18,8.48,0.0,0.0,0.0
2007-02-04 05:00:00,2.01,0.12,241.31,8.67,0.0,0.63,0.0
2007-02-04 06:00:00,2.93,0.05,241.17,12.24,0.0,0.0,0.0
2007-02-04 07:00:00,1.92,0.07,240.43,8.16,0.0,0.2,0.0
2007-02-04 08:00:00,2.27,0.12,243.11,9.59,0.0,0.43,0.0
2007-02-04 09:00:00,2.73,0.06,242.29,11.46,0.0,0.0,6.87
2007-02-04 10:00:00,2.41,0.14,239.31,10.11,0.0,9.28,17.55
2007-02-04 11:00:00,1.18,0.07,238.33,4.95,0.0,0.0,13.63
2007-02-04 12:00:00,2.15,0.15,238.43,9.09,11.22,0.07,17.43
2007-02-04 13:00:00,1.95,0.22,239.01,8.27,5.55,0.57,17.52
2007-02-04 14:00:00,1.49,0.1,242.66,6.13,0.0,0.0,18.03
2007-02-04 15:00:00,2.47,0.25,242.39,10.32,15.05,0.63,18.0
2007-02-04 16:00:00,3.57,0.36,239.7,15.05,0.0,26.22,17.62
2007-02-04 17:00:00,2.3,0.18,238.16,9.68,0.0,7.83,17.38
2007-02-04 18:00:00,2.68,0.08,235.22,11.38,0.0,4.83,16.97
2007-02-04 19:00:00,3.13,0.23,233.59,13.44,0.0,2.33,16.73
2007-02-04 20:00:00,3.14,0.13,235.68,13.36,0.0,0.65,17.03
2007-02-04 21:00:00,2.4,0.07,237.36,10.13,0.0,0.0,5.33
2007-02-04 22:00:00,1.58,0.11,241.01,6.59,0.0,0.65,0.0
2007-02-04 23:00:00,2.14,0.13,243.54,8.93,0.0,20.5,0.0
2007-02-05 00:00:00,0.41,0.11,241.26,1.8,0.0,1.32,0.0
2007-02-05 01:00:00,0.35,0.06,241.02,1.53,0.0,0.17,0.0
2007-02-05 02:00:00,0.37,0.09,243.63,1.64,0.0,0.32,0.0
2007-02-05 03:00:00,0.38,0.1,243.84,1.67,0.0,0.7,0.0
2007-02-05 04:00:00,0.35,0.06,242.68,1.52,0.0,0.17,0.0
2007-02-05 05:00:00,1.15,0.09,241.19,4.8,0.0,0.87,12.9
2007-02-05 06:00:00,0.61,0.08,242.97,2.67,0.0,0.15,0.0
2007-02-05 07:00:00,1.66,0.07,240.99,6.89,0.0,0.02,6.75
2007-02-05 08:00:00,2.99,0.14,238.21,12.57,14.93,0.63,17.4
2007-02-05 09:00:00,1.36,0.06,238.42,5.64,0.0,0.0,17.42
2007-02-05 10:00:00,1.36,0.11,236.89,5.72,0.0,0.57,16.77
2007-02-05 11:00:00,0.3,0.06,238.03,1.28,0.0,0.05,0.0
2007-02-05 12:00:00,0.76,0.15,238.86,3.36,0.0,0.0,0.0
2007-02-05 13:00:00,0.63,0.12,238.91,2.72,0.0,0.63,0.0
2007-02-05 14:00:00,1.09,0.09,242.05,4.48,0.0,0.0,10.77
2007-02-05 15:00:00,1.61,0.1,242.83,6.6,0.0,0.37,18.07
2007-02-05 16:00:00,0.83,0.11,242.83,3.45,0.0,0.28,3.63
2007-02-05 17:00:00,0.76,0.06,242.21,3.12,0.0,0.0,0.0
2007-02-05 18:00:00,1.0,0.12,238.13,4.2,0.0,0.67,0.0
2007-02-05 19:00:00,2.22,0.2,237.47,9.47,0.0,7.5,0.0
2007-02-05 20:00:00,3.44,0.12,239.58,14.45,0.0,19.65,13.12
2007-02-05 21:00:00,2.34,0.15,240.8,9.77,0.0,7.33,14.0
2007-02-05 22:00:00,1.04,0.09,242.82,4.4,0.0,0.63,0.0
2007-02-05 23:00:00,0.42,0.13,243.83,1.93,0.0,0.72,0.0
2007-02-06 00:00:00,0.4,0.08,241.85,1.75,0.0,0.47,1.55
2007-02-06 01:00:00,0.77,0.08,241.01,3.25,0.0,0.15,7.92
2007-02-06 02:00:00,0.32,0.12,241.65,1.47,0.0,0.85,0.0
2007-02-06 03:00:00,0.3,0.07,242.89,1.29,0.0,0.15,0.0
2007-02-06 04:00:00,0.27,0.05,241.5,1.19,0.0,0.15,0.0
2007-02-06 05:00:00,0.32,0.12,240.78,1.45,0.0,0.58,0.0
2007-02-06 06:00:00,0.6,0.06,242.6,2.51,0.0,0.0,0.0
2007-02-06 07:00:00,1.39,0.15,239.27,5.93,0.0,0.58,4.37
2007-02-06 08:00:00,1.86,0.06,237.16,7.83,9.22,0.2,14.32
2007-02-06 09:00:00,0.91,0.09,238.96,3.87,10.2,0.0,0.0
2007-02-06 10:00:00,0.68,0.11,238.49,3.05,0.33,0.65,0.0
2007-02-06 11:00:00,0.74,0.08,240.98,3.3,0.0,0.0,0.0
2007-02-06 12:00:00,0.55,0.09,244.11,2.6,0.0,0.07,0.0
2007-02-06 13:00:00,0.85,0.15,243.1,3.69,0.0,0.62,0.0
2007-02-06 14:00:00,1.16,0.07,243.42,4.83,0.0,0.0,6.73
2007-02-06 15:00:00,1.58,0.14,244.35,6.51,0.0,0.52,14.43
2007-02-06 16:00:00,0.69,0.11,244.0,2.95,0.0,0.3,0.0
2007-02-06 17:00:00,0.68,0.08,240.87,2.89,0.0,0.0,0.0
2007-02-06 18:00:00,0.67,0.12,239.99,2.83,0.0,0.6,0.0
2007-02-06 19:00:00,0.63,0.09,238.69,2.68,0.0,0.07,0.0
2007-02-06 20:00:00,1.9,0.13,238.13,7.98,0.0,0.0,1.22
2007-02-06 21:00:00,2.78,0.14,238.69,11.65,0.0,0.67,17.48
2007-02-06 22:00:00,0.89,0.09,241.78,3.73,0.0,0.0,7.27
2007-02-06 23:00:00,0.29,0.09,246.08,1.31,0.0,0.13,0.0
2007-02-07 00:00:00,0.31,0.13,243.83,1.41,0.0,0.53,0.0
2007-02-07 01:00:00,0.27,0.06,243.79,1.17,0.0,0.0,0.0
2007-02-07 02:00:00,0.33,0.15,245.73,1.48,0.0,0.53,0.0
2007-02-07 03:00:00,0.27,0.07,244.77,1.21,0.0,0.17,0.0
2007-02-07 04:00:00,0.28,0.07,243.08,1.22,0.0,0.0,0.0
2007-02-07 05:00:00,0.33,0.1,242.68,1.5,0.0,0.65,0.6
2007-02-07 06:00:00,2.23,0.09,242.8,9.21,0.0,0.0,18.08
2007-02-07 07:00:00,2.77,0.07,239.55,11.55,0.25,0.0,17.58
2007-02-07 08:00:00,2.19,0.15,239.61,9.17,9.47,0.63,17.62
2007-02-07 09:00:00,1.89,0.04,238.72,7.91,9.58,0.0,17.47
2007-02-07 10:00:00,1.35,0.09,238.56,5.62,0.0,0.02,17.45
2007-02-07 11:00:00,2.28,0.25,237.11,9.72,0.0,8.8,17.25
2007-02-07 12:00:00,2.08,0.27,239.19,8.77,0.0,0.72,17.53
2007-02-07 13:00:00,1.67,0.12,241.88,6.85,0.0,0.47,17.93
2007-02-07 14:00:00,1.65,0.11,243.4,6.72,0.0,0.22,18.13
2007-02-07 15:00:00,2.62,0.14,245.17,10.71,7.58,20.25,6.77
2007-02-07 16:00:00,1.96,0.3,244.18,8.35,1.2,23.32,0.0
2007-02-07 17:00:00,1.22,0.1,242.97,5.1,8.57,0.38,0.0
2007-02-07 18:00:00,1.77,0.07,237.5,7.5,0.0,0.5,0.0
2007-02-07 19:00:00,2.45,0.22,237.35,10.34,0.0,0.73,0.0
2007-02-07 20:00:00,1.79,0.11,238.13,7.51,0.0,0.0,0.65
2007-02-07 21:00:00,3.73,0.07,236.51,15.76,0.25,0.1,17.18
2007-02-07 22:00:00,2.5,0.1,237.55,10.57,8.62,0.53,15.52
2007-02-07 23:00:00,0.86,0.1,243.54,3.65,9.47,0.0,0.0
2007-02-08 00:00:00,0.3,0.11,244.06,1.38,0.0,0.48,0.0
2007-02-08 01:00:00,0.29,0.09,243.74,1.26,0.0,0.2,0.0
2007-02-08 02:00:00,0.27,0.05,245.0,1.17,0.0,0.0,0.0
2007-02-08 03:00:00,0.34,0.14,243.9,1.57,0.0,0.7,0.0
2007-02-08 04:00:00,0.33,0.07,243.01,1.42,0.0,0.1,0.0
2007-02-08 05:00:00,0.74,0.06,241.17,3.07,0.0,0.0,4.97
2007-02-08 06:00:00,1.17,0.11,242.14,5.01,0.0,0.55,5.73
2007-02-08 07:00:00,1.92,0.08,239.55,8.01,0.0,0.1,12.25
2007-02-08 08:00:00,1.74,0.06,240.38,7.21,0.0,0.0,17.7
2007-02-08 09:00:00,1.45,0.12,239.77,6.0,0.0,0.75,17.63
2007-02-08 10:00:00,1.34,0.07,240.28,5.48,0.0,0.05,17.7
2007-02-08 11:00:00,1.32,0.04,240.27,5.41,0.0,0.0,17.68
2007-02-08 12:00:00,1.39,0.12,240.36,5.71,0.0,0.65,17.72
2007-02-08 13:00:00,0.4,0.05,243.13,1.72,0.0,0.02,2.3
2007-02-08 14:00:00,0.34,0.11,245.98,1.52,0.0,0.0,0.0
2007-02-08 15:00:00,0.6,0.18,246.15,2.55,0.0,0.78,0.0
2007-02-08 16:00:00,0.65,0.1,245.4,2.64,0.0,0.0,0.0
2007-02-08 17:00:00,1.77,0.05,241.32,7.25,0.0,0.0,17.42
2007-02-08 18:00:00,1.77,0.11,237.66,7.45,0.0,0.63,8.37
2007-02-08 19:00:00,3.36,0.23,237.05,14.34,18.15,0.0,0.0
2007-02-08 20:00:00,2.98,0.06,237.76,12.5,0.38,0.08,14.98
2007-02-08 21:00:00,2.73,0.1,239.12,11.49,8.8,0.58,4.3
2007-02-08 22:00:00,2.03,0.06,241.29,8.43,9.77,0.0,3.2
2007-02-08 23:00:00,0.8,0.13,244.64,3.36,0.0,0.42,7.33
2007-02-09 00:00:00,0.32,0.09,243.32,1.42,0.0,0.25,0.0
2007-02-09 01:00:00,0.29,0.05,242.6,1.23,0.0,0.0,0.0
2007-02-09 02:00:00,0.34,0.16,245.62,1.57,0.0,0.72,0.0
2007-02-09 03:00:00,0.27,0.06,244.36,1.18,0.0,0.03,0.0
2007-02-09 04:00:00,0.28,0.06,242.27,1.2,0.0,0.0,0.0
2007-02-09 05:00:00,0.3,0.11,241.55,1.39,0.0,0.65,0.0
2007-02-09 06:00:00,1.09,0.05,243.09,4.56,0.0,0.0,6.83
2007-02-09 07:00:00,2.38,0.1,239.83,9.89,0.0,0.0,17.65
2007-02-09 08:00:00,1.66,0.11,238.68,6.9,0.0,0.63,17.47
2007-02-09 09:00:00,1.34,0.07,238.12,5.56,0.0,0.0,17.38
2007-02-09 10:00:00,1.33,0.05,239.42,5.5,0.0,0.0,17.57
2007-02-09 11:00:00,1.39,0.14,238.9,5.75,0.0,0.63,17.5
2007-02-09 12:00:00,0.99,0.07,241.08,4.17,0.0,0.0,11.48
2007-02-09 13:00:00,1.03,0.08,242.24,4.28,0.0,0.28,9.47
2007-02-09 14:00:00,1.42,0.13,243.77,5.78,0.0,0.35,18.2
2007-02-09 15:00:00,0.68,0.08,246.16,2.84,0.0,0.0,6.5
2007-02-09 16:00:00,0.35,0.18,246.34,1.63,0.0,0.67,0.0
2007-02-09 17:00:00,0.33,0.07,242.93,1.4,0.0,0.0,0.0
2007-02-09 18:00:00,0.55,0.07,238.3,2.42,0.0,0.0,0.0
2007-02-09 19:00:00,1.57,0.16,239.27,6.57,0.0,0.65,0.0
2007-02-09 20:00:00,2.38,0.17,239.18,10.01,0.0,11.68,0.0
2007-02-09 21:00:00,2.25,0.27,240.26,9.42,0.0,2.82,6.05
2007-02-09 22:00:00,3.84,0.12,239.56,16.11,0.0,29.75,16.73
2007-02-09 23:00:00,0.62,0.18,244.94,2.66,0.0,1.63,0.0
2007-02-10 00:00:00,0.37,0.1,243.13,1.64,0.0,0.77,0.0
2007-02-10 01:00:00,0.32,0.06,242.9,1.42,0.0,0.17,0.0
2007-02-10 02:00:00,0.38,0.15,243.98,1.7,0.0,1.02,0.0
2007-02-10 03:00:00,0.33,0.07,244.43,1.47,0.0,0.17,0.0
2007-02-10 04:00:00,0.34,0.08,243.0,1.5,0.0,0.23,0.0
2007-02-10 05:00:00,0.35,0.12,242.23,1.59,0.0,0.95,0.0
2007-02-10 06:00:00,0.89,0.06,242.22,3.71,0.0,0.03,9.4
2007-02-10 07:00:00,1.47,0.1,241.14,6.19,0.0,0.13,1.23
2007-02-10 08:00:00,1.67,0.12,241.63,6.93,8.55,0.65,0.0
2007-02-10 09:00:00,1.8,0.09,239.6,7.55,8.7,0.15,0.0
2007-02-10 10:00:00,2.27,0.17,235.98,9.63,0.0,6.88,12.67
2007-02-10 11:00:00,2.55,0.16,236.7,10.81,0.0,13.33,17.18
2007-02-10 12:00:00,2.79,0.16,237.32,11.83,0.0,18.92,17.27
2007-02-10 13:00:00,2.04,0.21,241.71,8.51,4.28,1.23,17.9
2007-02-10 14:00:00,2.07,0.1,240.15,8.61,10.6,0.05,17.68
2007-02-10 15:00:00,1.51,0.12,241.87,6.18,0.0,0.63,17.92
2007-02-10 16:00:00,1.5,0.11,241.63,6.16,0.0,0.18,17.88
2007-02-10 17:00:00,1.8,0.13,239.17,7.58,0.0,0.0,17.53
2007-02-10 18:00:00,3.52,0.2,236.07,14.89,0.0,0.75,17.1
2007-02-10 19:00:00,4.71,0.27,233.62,20.19,19.87,0.0,16.75
2007-02-10 20:00:00,4.07,0.28,235.84,17.39,20.13,0.0,17.07
2007-02-10 21:00:00,2.56,0.16,237.77,10.72,0.07,0.65,17.33
2007-02-10 22:00:00,4.69,0.08,237.8,19.78,12.32,0.0,17.33
2007-02-10 23:00:00,3.16,0.11,240.99,13.32,0.0,0.28,7.83
2007-02-11 00:00:00,2.32,0.1,241.16,9.87,0.0,0.52,0.0
2007-02-11 01:00:00,2.0,0.07,238.86,8.71,0.0,0.0,0.0
2007-02-11 02:00:00,1.97,0.12,240.72,8.54,0.0,0.42,0.0
2007-02-11 03:00:00,1.95,0.08,241.58,8.55,0.0,0.25,0.0
2007-02-11 04:00:00,2.08,0.07,239.92,9.06,0.0,0.0,2.77
2007-02-11 05:00:00,2.73,0.13,239.62,11.75,0.0,0.77,9.15
2007-02-11 06:00:00,2.51,0.07,238.99,10.69,0.0,0.05,0.0
2007-02-11 07:00:00,2.41,0.08,240.3,10.22,0.0,0.0,0.0
2007-02-11 08:00:00,2.65,0.13,240.16,11.18,0.0,0.72,0.0
2007-02-11 09:00:00,2.68,0.22,237.62,11.42,0.0,0.0,10.65
2007-02-11 10:00:00,2.1,0.14,236.53,9.01,0.0,0.0,7.75
2007-02-11 11:00:00,3.44,0.31,241.34,14.41,0.0,7.12,15.25
2007-02-11 12:00:00,3.79,0.31,239.47,15.96,19.18,2.12,17.58
2007-02-11 13:00:00,2.97,0.28,241.7,12.43,2.67,16.8,17.88
2007-02-11 14:00:00,3.43,0.23,240.09,14.4,8.78,23.62,17.67
2007-02-11 15:00:00,2.93,0.15,241.0,12.36,9.87,23.73,6.7
2007-02-11 16:00:00,0.44,0.19,242.71,1.98,0.0,1.5,0.0
2007-02-11 17:00:00,1.53,0.07,238.18,6.53,0.0,0.18,8.92
2007-02-11 18:00:00,3.03,0.11,234.86,12.85,0.0,0.12,16.92
2007-02-11 19:00:00,3.48,0.21,233.47,14.97,0.0,0.73,16.73
2007-02-11 20:00:00,3.16,0.07,237.83,13.3,0.0,0.0,17.35
2007-02-11 21:00:00,2.63,0.12,239.41,10.99,0.0,0.4,17.57
2007-02-11 22:00:00,1.84,0.09,240.98,7.63,0.0,0.38,17.8
2007-02-11 23:00:00,1.42,0.07,241.65,5.83,0.0,0.0,17.88
2007-02-12 00:00:00,1.44,0.12,241.53,5.91,0.0,0.67,17.87
2007-02-12 01:00:00,0.45,0.05,241.27,1.99,0.0,0.12,2.5
2007-02-12 02:00:00,0.33,0.09,242.83,1.53,0.0,0.0,0.0
2007-02-12 03:00:00,0.35,0.11,241.58,1.58,0.0,0.77,0.0
2007-02-12 04:00:00,0.3,0.05,239.66,1.38,0.0,0.0,0.0
2007-02-12 05:00:00,0.32,0.07,239.78,1.48,0.0,0.0,0.0
2007-02-12 06:00:00,1.81,0.1,241.19,7.62,0.0,0.7,11.85
2007-02-12 07:00:00,2.47,0.08,239.45,10.25,0.13,0.0,17.58
2007-02-12 08:00:00,2.17,0.1,239.6,9.02,8.95,0.42,17.58
2007-02-12 09:00:00,1.99,0.11,238.05,8.36,10.22,0.38,17.38
2007-02-12 10:00:00,1.34,0.05,237.2,5.62,0.0,0.0,17.25
2007-02-12 11:00:00,1.38,0.09,237.77,5.76,0.0,0.58,17.33
2007-02-12 12:00:00,0.92,0.11,241.74,3.88,0.0,0.12,9.67
2007-02-12 13:00:00,0.73,0.18,242.08,3.36,0.0,0.0,0.0
2007-02-12 14:00:00,1.31,0.13,244.06,5.44,0.0,0.8,13.85
2007-02-12 15:00:00,1.39,0.07,241.73,5.7,0.0,0.0,17.9
2007-02-12 16:00:00,0.77,0.05,240.73,3.21,0.0,0.0,6.32
2007-02-12 17:00:00,0.72,0.11,238.28,3.01,0.0,0.68,0.0
2007-02-12 18:00:00,1.02,0.07,237.29,4.26,0.0,0.0,0.0
2007-02-12 19:00:00,2.26,0.17,234.86,9.66,0.0,0.32,0.0
2007-02-12 20:00:00,3.61,0.08,235.27,15.32,8.02,0.45,10.87
2007-02-12 21:00:00,2.35,0.05,238.05,9.88,1.18,0.0,3.47
2007-02-12 22:00:00,0.95,0.17,243.6,4.09,8.62,0.55,0.0
2007-02-12 23:00:00,0.92,0.08,244.78,3.76,0.0,0.1,10.53
2007-02-13 00:00:00,0.28,0.07,244.13,1.21,0.0,0.0,0.0
2007-02-13 01:00:00,0.32,0.13,241.44,1.45,0.0,0.65,0.0
2007-02-13 02:00:00,0.29,0.06,243.61,1.25,0.0,0.0,0.0
2007-02-13 03:00:00,0.3,0.1,243.52,1.31,0.0,0.25,0.0
2007-02-13 04:00:00,0.28,0.08,241.89,1.24,0.0,0.4,0.0
2007-02-13 05:00:00,0.29,0.08,242.14,1.27,0.0,0.0,0.0
2007-02-13 06:00:00,0.94,0.13,242.65,4.05,0.0,0.63,0.0
2007-02-13 07:00:00,1.67,0.07,239.48,6.97,0.0,0.0,12.98
2007-02-13 08:00:00,1.02,0.08,240.18,4.27,0.0,0.08,7.1
2007-02-13 09:00:00,0.53,0.1,240.24,2.2,0.0,0.57,0.0
2007-02-13 10:00:00,0.5,0.06,238.81,2.1,0.0,0.0,0.0
2007-02-13 11:00:00,0.58,0.1,240.31,2.43,0.0,0.65,0.0
2007-02-13 12:00:00,0.53,0.09,242.87,2.22,0.0,0.0,0.0
2007-02-13 13:00:00,0.32,0.06,243.82,1.35,0.0,0.0,0.0
2007-02-13 14:00:00,0.77,0.12,245.3,3.14,0.0,0.63,0.0
2007-02-13 15:00:00,0.44,0.08,243.23,1.84,0.0,0.0,0.0
2007-02-13 16:00:00,1.24,0.09,241.28,5.16,0.0,0.52,13.65
2007-02-13 17:00:00,1.5,0.07,239.52,6.19,0.0,0.12,17.58
2007-02-13 18:00:00,2.25,0.06,236.63,9.45,0.0,0.0,17.17
2007-02-13 19:00:00,2.46,0.21,235.26,10.54,0.0,9.68,7.33
2007-02-13 20:00:00,1.44,0.06,238.05,6.1,0.0,0.08,3.52
2007-02-13 21:00:00,3.55,0.13,237.17,15.03,0.0,30.53,9.22
2007-02-13 22:00:00,0.87,0.15,242.38,3.66,0.0,1.7,0.23
2007-02-13 23:00:00,1.23,0.06,244.1,5.01,0.0,0.63,15.48
2007-02-14 00:00:00,0.35,0.17,244.59,1.58,0.0,1.03,0.0
2007-02-14 01:00:00,0.28,0.07,243.11,1.24,0.0,0.18,0.0
2007-02-14 02:00:00,0.29,0.08,244.3,1.29,0.0,0.17,0.0
2007-02-14 03:00:00,0.32,0.13,242.66,1.48,0.0,0.97,0.0
2007-02-14 04:00:00,0.29,0.07,241.26,1.26,0.0,0.17,0.0
2007-02-14 05:00:00,0.29,0.09,241.36,1.29,0.0,0.32,0.0
2007-02-14 06:00:00,1.64,0.11,243.79,6.83,0.0,0.52,10.32
2007-02-14 07:00:00,2.72,0.1,238.34,11.37,0.3,0.0,17.42
2007-02-14 08:00:00,2.55,0.13,237.9,10.72,9.32,0.53,17.35
2007-02-14 09:00:00,1.91,0.09,238.53,7.97,9.35,0.17,17.45
2007-02-14 10:00:00,1.33,0.05,239.28,5.46,0.0,0.0,17.55
2007-02-14 11:00:00,1.91,0.29,241.3,8.01,0.0,2.97,17.83
2007-02-14 12:00:00,3.45,0.3,241.39,14.43,16.33,3.27,17.85
2007-02-14 13:00:00,2.49,0.15,241.18,10.33,1.85,0.0,17.82
2007-02-14 14:00:00,2.43,0.15,242.82,9.96,0.0,0.78,18.07
2007-02-14 15:00:00,4.36,0.13,239.93,18.2,0.0,31.62,17.63
2007-02-14 16:00:00,2.18,0.21,240.72,9.25,0.0,17.75,1.55
2007-02-14 17:00:00,0.98,0.11,240.75,4.07,0.0,0.37,0.0
2007-02-14 18:00:00,2.42,0.13,234.78,10.27,0.0,0.12,0.0
2007-02-14 19:00:00,2.33,0.31,235.55,10.0,0.0,1.15,0.0
2007-02-14 20:00:00,1.82,0.11,235.78,7.81,0.37,0.0,6.48
2007-02-14 21:00:00,3.4,0.07,233.99,14.52,8.52,0.0,15.67
2007-02-14 22:00:00,1.59,0.18,241.9,6.74,8.88,0.72,0.0
2007-02-14 23:00:00,0.34,0.13,243.78,1.52,0.0,0.43,0.0
2007-02-15 00:00:00,0.42,0.07,241.27,1.78,0.0,0.0,0.0
2007-02-15 01:00:00,0.4,0.08,240.83,1.74,0.0,0.0,0.0
2007-02-15 02:00:00,0.36,0.17,243.54,1.66,0.0,1.07,0.0
2007-02-15 03:00:00,0.31,0.08,243.49,1.41,0.0,0.0,0.0
2007-02-15 04:00:00,0.29,0.05,241.69,1.28,0.0,0.0,0.0
2007-02-15 05:00:00,1.07,0.13,241.09,4.48,0.0,0.62,11.87
2007-02-15 06:00:00,1.69,0.09,242.31,7.05,0.0,0.4,10.32
2007-02-15 07:00:00,2.33,0.09,238.91,9.72,0.0,0.0,17.5
2007-02-15 08:00:00,1.45,0.08,239.1,6.0,0.0,0.0,17.53
2007-02-15 09:00:00,1.43,0.16,240.08,5.97,0.0,1.0,17.67
2007-02-15 10:00:00,1.37,0.07,239.54,5.65,0.0,0.0,17.58
2007-02-15 11:00:00,1.38,0.08,240.34,5.7,0.0,0.0,17.7
2007-02-15 12:00:00,1.42,0.13,240.96,5.86,0.0,0.62,17.8
2007-02-15 13:00:00,1.07,0.1,241.32,4.45,0.0,0.42,12.28
2007-02-15 14:00:00,0.33,0.09,244.59,1.47,0.0,0.0,0.0
2007-02-15 15:00:00,0.32,0.08,243.62,1.43,0.0,0.0,0.0
2007-02-15 16:00:00,0.46,0.19,241.33,2.15,0.0,1.03,0.0
2007-02-15 17:00:00,0.42,0.05,240.1,2.0,0.0,0.0,0.0
2007-02-15 18:00:00,1.78,0.11,235.99,7.65,0.0,6.98,5.85
2007-02-15 19:00:00,4.11,0.33,235.85,17.5,0.0,18.27,17.07
2007-02-15 20:00:00,3.62,0.25,236.7,15.34,0.0,7.22,17.18
2007-02-15 21:00:00,2.96,0.05,237.12,12.49,0.0,0.6,17.23
2007-02-15 22:00:00,2.42,0.07,242.28,10.03,0.0,0.07,17.98
2007-02-15 23:00:00,1.66,0.17,244.02,6.88,0.0,1.1,18.23
2007-02-16 00:00:00,1.56,0.06,241.74,6.47,0.0,0.0,17.92
2007-02-16 01:00:00,0.83,0.06,243.84,3.6,0.0,0.0,5.82
2007-02-16 02:00:00,0.53,0.15,246.52,2.47,0.0,0.63,0.0
2007-02-16 03:00:00,0.5,0.11,246.45,2.35,0.0,0.47,0.0
2007-02-16 04:00:00,0.49,0.08,242.87,2.29,0.0,0.0,0.0
2007-02-16 05:00:00,0.58,0.04,241.87,2.64,0.0,0.0,0.7
2007-02-16 06:00:00,3.33,0.18,241.51,13.84,9.77,1.05,17.88
2007-02-16 07:00:00,2.42,0.08,242.68,9.97,9.37,0.0,1.17
2007-02-16 08:00:00,0.34,0.07,239.95,1.49,0.0,0.0,0.0
2007-02-16 09:00:00,0.34,0.11,238.36,1.59,0.0,0.35,0.0
2007-02-16 10:00:00,0.36,0.14,239.59,1.61,0.0,0.7,0.0
2007-02-16 11:00:00,0.99,0.06,238.59,4.17,0.0,0.0,11.27
2007-02-16 12:00:00,0.33,0.08,239.89,1.49,0.0,0.0,0.15
2007-02-16 13:00:00,0.36,0.15,239.95,1.7,0.0,0.83,0.0
2007-02-16 14:00:00,0.33,0.1,242.87,1.47,0.0,0.23,0.0
2007-02-16 15:00:00,0.33,0.09,243.51,1.49,0.0,0.0,0.0
2007-02-16 16:00:00,0.34,0.1,242.09,1.55,0.0,0.17,0.0
2007-02-16 17:00:00,0.41,0.18,241.18,1.91,0.0,0.93,0.0
2007-02-16 18:00:00,1.41,0.09,236.69,6.1,0.0,0.0,3.13
2007-02-16 19:00:00,3.13,0.11,235.34,13.25,0.0,0.7,16.98
2007-02-16 20:00:00,2.83,0.17,235.36,12.03,0.0,7.78,17.0
2007-02-16 21:00:00,2.8,0.16,237.42,11.73,0.0,0.35,17.28
2007-02-16 22:00:00,2.04,0.07,239.8,8.47,0.0,0.0,17.63
2007-02-16 23:00:00,1.81,0.09,241.63,7.45,0.0,0.12,17.88
2007-02-17 00:00:00,1.51,0.16,240.71,6.24,0.0,1.0,17.75
2007-02-17 01:00:00,1.12,0.06,240.71,4.62,0.0,0.0,13.95
2007-02-17 02:00:00,0.29,0.08,242.91,1.24,0.0,0.0,0.0
2007-02-17 03:00:00,0.32,0.14,242.07,1.49,0.0,0.73,0.0
2007-02-17 04:00:00,0.31,0.12,240.52,1.45,0.0,0.38,0.0
2007-02-17 05:00:00,0.48,0.05,240.46,2.01,0.0,0.0,0.0
2007-02-17 06:00:00,0.49,0.09,243.69,2.03,0.0,0.0,0.0
2007-02-17 07:00:00,0.97,0.18,243.36,4.18,0.0,1.12,0.0
2007-02-17 08:00:00,2.61,0.14,240.63,10.87,0.0,15.45,16.02
2007-02-17 09:00:00,2.07,0.09,239.07,8.69,0.0,11.43,17.52
2007-02-17 10:00:00,0.81,0.15,237.36,3.5,0.0,1.48,7.52
2007-02-17 11:00:00,0.29,0.07,237.51,1.27,0.0,0.15,0.0
2007-02-17 12:00:00,0.45,0.18,238.57,2.02,0.0,0.17,0.0
2007-02-17 13:00:00,2.27,0.37,239.15,9.68,9.03,1.33,12.38
2007-02-17 14:00:00,1.62,0.18,240.66,6.79,9.3,0.3,3.17
2007-02-17 15:00:00,1.8,0.37,238.44,7.75,0.0,0.15,11.37
2007-02-17 16:00:00,0.57,0.26,240.59,2.61,0.0,0.7,1.0
2007-02-17 17:00:00,0.44,0.19,239.31,2.03,0.0,0.83,0.0
2007-02-17 18:00:00,1.1,0.1,237.02,4.7,0.0,0.0,1.68
2007-02-17 19:00:00,2.69,0.28,234.9,11.46,0.0,0.07,16.93
2007-02-17 20:00:00,1.87,0.3,237.67,7.93,0.0,1.05,0.0
2007-02-17 21:00:00,2.75,0.24,236.29,11.69,11.08,0.0,0.0
2007-02-17 22:00:00,3.85,0.07,235.76,16.24,0.0,0.0,0.0
2007-02-17 23:00:00,3.94,0.11,236.2,16.62,0.0,0.75,0.0
2007-02-18 00:00:00,4.46,0.16,239.1,18.66,10.58,0.37,12.88
2007-02-18 01:00:00,3.89,0.1,239.22,16.22,10.52,0.0,14.97
2007-02-18 02:00:00,2.41,0.11,242.27,9.91,0.02,0.15,0.0
2007-02-18 03:00:00,1.38,0.19,242.88,5.8,0.0,0.93,0.0
2007-02-18 04:00:00,0.3,0.11,243.11,1.37,0.0,0.0,0.0
2007-02-18 05:00:00,0.84,0.1,242.5,3.63,0.0,0.0,0.0
2007-02-18 06:00:00,3.59,0.15,239.56,14.96,0.0,0.82,9.17
2007-02-18 07:00:00,2.42,0.11,239.91,10.05,0.0,0.27,0.15
2007-02-18 08:00:00,3.4,0.07,238.68,14.19,0.0,0.0,8.22
2007-02-18 09:00:00,3.42,0.1,238.25,14.29,0.0,0.32,17.4
2007-02-18 10:00:00,4.2,0.12,236.55,17.73,4.98,7.25,17.17
2007-02-18 11:00:00,2.46,0.1,239.1,10.31,11.18,0.0,17.52
2007-02-18 12:00:00,3.66,0.12,236.92,15.52,0.0,36.62,17.22
2007-02-18 13:00:00,3.34,0.28,238.66,14.25,0.0,24.63,17.45
2007-02-18 14:00:00,3.55,0.28,240.93,14.9,0.0,31.43,17.78
2007-02-18 15:00:00,1.65,0.13,240.72,6.88,0.0,1.53,17.73
2007-02-18 16:00:00,2.16,0.17,240.04,9.2,0.0,22.45,4.0
2007-02-18 17:00:00,2.14,0.32,235.91,9.28,9.32,1.45,11.6
2007-02-18 18:00:00,3.4,0.4,233.71,14.84,20.38,0.75,2.48
2007-02-18 19:00:00,3.95,0.29,236.16,16.83,18.65,0.15,12.77
2007-02-18 20:00:00,3.4,0.23,235.81,14.51,7.52,0.77,17.05
2007-02-18 21:00:00,2.63,0.18,236.74,11.18,8.63,1.18,3.27
2007-02-18 22:00:00,0.79,0.22,241.13,3.42,0.0,1.17,0.0
2007-02-18 23:00:00,0.39,0.22,242.24,1.82,0.0,1.15,0.0
2007-02-19 00:00:00,0.37,0.2,243.21,1.7,0.0,1.13,0.0
2007-02-19 01:00:00,0.84,0.13,240.81,3.57,0.0,0.52,8.42
2007-02-19 02:00:00,0.3,0.08,243.34,1.32,0.0,0.0,0.0
2007-02-19 03:00:00,0.35,0.15,243.02,1.62,0.0,0.63,0.0
2007-02-19 04:00:00,0.33,0.14,241.61,1.51,0.0,0.8,0.0
2007-02-19 05:00:00,0.31,0.09,240.63,1.38,0.0,0.0,0.0
2007-02-19 06:00:00,1.39,0.08,242.72,5.82,0.0,0.05,10.65
2007-02-19 07:00:00,1.95,0.19,237.9,8.17,0.0,1.18,17.35
2007-02-19 08:00:00,1.62,0.12,237.87,6.78,0.0,0.0,17.35
2007-02-19 09:00:00,1.35,0.06,237.29,5.65,0.0,0.0,17.27
2007-02-19 10:00:00,1.43,0.13,236.08,6.01,0.0,0.8,17.08
2007-02-19 11:00:00,1.4,0.08,238.44,5.81,0.0,0.4,17.43
2007-02-19 12:00:00,1.81,0.11,238.91,7.55,0.0,0.0,17.48
2007-02-19 13:00:00,0.99,0.09,240.62,4.13,0.0,0.17,11.2
2007-02-19 14:00:00,0.35,0.19,243.1,1.59,0.0,1.07,0.0
2007-02-19 15:00:00,0.3,0.1,244.42,1.28,0.0,0.0,0.0
2007-02-19 16:00:00,0.33,0.07,243.95,1.44,0.0,0.0,0.0
2007-02-19 17:00:00,0.58,0.13,241.48,2.46,0.0,0.68,1.65
2007-02-19 18:00:00,3.41,0.13,233.79,14.6,0.0,10.77,16.78
2007-02-19 19:00:00,4.26,0.22,231.19,18.52,7.88,9.0,16.42
2007-02-19 20:00:00,3.97,0.19,234.5,17.0,0.22,19.22,16.87
2007-02-19 21:00:00,3.66,0.07,236.93,15.48,14.58,1.25,17.22
2007-02-19 22:00:00,2.64,0.02,240.29,10.97,4.55,0.17,14.92
2007-02-19 23:00:00,2.5,0.17,242.84,10.28,0.0,0.5,0.0
2007-02-20 00:00:00,2.49,0.16,241.68,10.25,0.0,1.02,0.0
2007-02-20 01:00:00,2.4,0.07,241.07,9.86,0.0,0.17,0.0
2007-02-20 02:00:00,2.44,0.06,242.91,10.0,0.0,0.17,0.0
2007-02-20 03:00:00,2.85,0.18,240.67,11.77,0.0,1.3,6.18
2007-02-20 04:00:00,2.67,0.04,239.34,11.08,0.0,0.0,5.48
2007-02-20 05:00:00,2.36,0.07,239.4,9.8,0.0,0.0,0.0
2007-02-20 06:00:00,2.86,0.13,240.74,11.86,0.0,0.7,1.58
2007-02-20 07:00:00,4.42,0.1,236.78,18.61,0.0,0.38,17.2
2007-02-20 08:00:00,3.48,0.07,237.5,14.6,0.0,0.0,17.28
2007-02-20 09:00:00,2.67,0.08,237.15,11.22,0.0,0.22,16.92
2007-02-20 10:00:00,1.77,0.17,238.1,7.41,0.0,0.87,17.38
2007-02-20 11:00:00,1.69,0.06,240.79,6.95,0.0,0.0,17.77
2007-02-20 12:00:00,1.64,0.16,241.58,6.85,0.02,0.0,17.87
2007-02-20 13:00:00,1.95,0.17,238.76,8.17,8.37,0.97,17.48
2007-02-20 14:00:00,1.56,0.08,241.47,6.51,9.68,0.13,10.68
2007-02-20 15:00:00,0.38,0.13,243.09,1.73,0.0,0.0,0.0
2007-02-20 16:00:00,0.43,0.14,242.9,1.96,0.0,0.68,0.0
2007-02-20 17:00:00,0.43,0.13,242.04,1.93,0.0,0.0,0.0
2007-02-20 18:00:00,1.0,0.14,238.05,4.27,0.0,1.93,0.0
2007-02-20 19:00:00,2.03,0.2,236.2,8.61,0.0,8.8,0.0
2007-02-20 20:00:00,4.4,0.19,235.15,18.82,0.37,30.13,14.25
2007-02-20 21:00:00,2.8,0.25,237.22,11.99,7.57,11.67,1.8
2007-02-20 22:00:00,1.99,0.16,241.36,8.31,8.3,2.48,0.0
2007-02-20 23:00:00,1.79,0.19,242.84,7.51,0.0,24.9,0.0
2007-02-21 00:00:00,0.32,0.1,243.7,1.41,0.0,0.62,0.0
2007-02-21 01:00:00,0.3,0.09,240.76,1.32,0.0,0.5,0.0
2007-02-21 02:00:00,0.94,0.09,243.34,3.87,0.0,0.7,10.53
2007-02-21 03:00:00,0.31,0.1,243.35,1.39,0.0,0.17,0.0
2007-02-21 04:00:00,0.31,0.11,241.84,1.39,0.0,0.82,0.0
2007-02-21 05:00:00,0.28,0.06,240.69,1.19,0.0,0.17,0.0
2007-02-21 06:00:00,0.62,0.13,240.82,2.74,0.0,0.78,1.38
2007-02-21 07:00:00,2.1,0.07,238.82,8.76,0.0,0.03,17.48
2007-02-21 08:00:00,1.43,0.09,238.48,5.92,0.0,0.18,17.43
2007-02-21 09:00:00,1.34,0.09,237.85,5.57,0.0,0.42,17.35
2007-02-21 10:00:00,1.42,0.1,238.88,5.88,0.0,0.0,17.48
2007-02-21 11:00:00,0.7,0.1,239.53,2.92,0.0,0.6,4.83
2007-02-21 12:00:00,0.8,0.18,240.64,3.62,0.0,0.0,0.0
2007-02-21 13:00:00,0.44,0.15,242.36,1.95,0.0,0.6,0.0
2007-02-21 14:00:00,0.34,0.07,244.27,1.48,0.0,0.02,0.07
2007-02-21 15:00:00,1.7,0.12,242.28,7.0,0.0,0.15,18.02
2007-02-21 16:00:00,1.83,0.17,241.68,7.54,0.0,0.47,17.88
2007-02-21 17:00:00,2.04,0.12,239.91,8.5,5.95,0.22,17.63
2007-02-21 18:00:00,2.86,0.17,237.29,12.13,8.27,8.27,5.32
2007-02-21 19:00:00,3.02,0.24,236.76,12.87,0.0,10.93,0.0
2007-02-21 20:00:00,4.02,0.45,235.99,17.34,19.58,11.93,2.77
2007-02-21 21:00:00,2.11,0.09,237.92,8.97,10.32,0.62,9.0
2007-02-21 22:00:00,2.66,0.12,240.86,11.02,6.92,0.4,17.18
2007-02-21 23:00:00,2.68,0.15,243.05,11.02,7.75,0.28,18.1
2007-02-22 00:00:00,1.99,0.06,240.17,8.29,2.0,0.0,1.63
2007-02-22 01:00:00,2.35,0.09,238.8,9.76,0.0,0.58,0.0
2007-02-22 02:00:00,2.35,0.05,240.73,9.66,0.0,0.0,0.0
2007-02-22 03:00:00,2.37,0.11,240.06,9.82,0.0,0.6,0.0
2007-02-22 04:00:00,2.3,0.07,239.06,9.56,0.0,0.0,0.0
2007-02-22 05:00:00,2.35,0.12,239.05,9.77,0.0,0.25,0.0
2007-02-22 06:00:00,3.55,0.06,238.87,14.85,0.0,0.33,11.27
2007-02-22 07:00:00,3.96,0.06,236.4,16.72,0.0,0.0,17.13
2007-02-22 08:00:00,3.51,0.1,238.39,14.65,0.0,0.58,17.43
2007-02-22 09:00:00,1.64,0.06,239.1,6.78,0.0,0.0,17.52
2007-02-22 10:00:00,1.46,0.1,238.49,6.08,0.0,0.45,17.43
2007-02-22 11:00:00,1.53,0.05,238.98,6.3,0.0,0.13,17.52
2007-02-22 12:00:00,1.68,0.1,239.75,6.97,0.0,0.0,17.13
2007-02-22 13:00:00,0.34,0.11,241.26,1.47,0.0,0.6,0.0
2007-02-22 14:00:00,0.61,0.07,241.28,2.54,0.0,0.0,0.0
2007-02-22 15:00:00,0.49,0.13,242.41,2.09,0.0,0.6,0.0
2007-02-22 16:00:00,0.71,0.06,243.47,2.93,0.0,0.0,0.0
2007-02-22 17:00:00,0.7,0.08,241.74,2.88,0.0,0.2,0.0
2007-02-22 18:00:00,1.61,0.17,235.9,6.86,0.0,0.4,3.25
2007-02-22 19:00:00,4.49,0.21,231.92,19.38,0.0,6.67,16.52
2007-02-22 20:00:00,3.46,0.16,234.5,14.77,0.18,1.4,16.88
2007-02-22 21:00:00,6.36,0.09,230.44,27.7,11.48,32.73,16.32
2007-02-22 22:00:00,3.53,0.1,236.26,14.9,9.82,1.45,17.1
2007-02-22 23:00:00,2.96,0.1,239.82,12.4,0.0,22.43,17.62
2007-02-23 00:00:00,1.02,0.11,240.32,4.19,0.0,1.23,11.27
2007-02-23 01:00:00,0.3,0.06,240.37,1.24,0.0,0.17,0.0
2007-02-23 02:00:00,0.31,0.1,242.69,1.37,0.0,0.83,0.0
2007-02-23 03:00:00,0.28,0.06,242.38,1.18,0.0,0.17,0.0
2007-02-23 04:00:00,0.32,0.11,240.97,1.45,0.0,0.77,0.0
2007-02-23 05:00:00,0.26,0.04,240.37,1.13,0.0,0.22,0.0
2007-02-23 06:00:00,0.29,0.06,241.39,1.23,0.0,0.32,0.0
2007-02-23 07:00:00,2.34,0.12,236.94,9.95,0.0,0.48,9.08
2007-02-23 08:00:00,2.01,0.16,237.67,8.47,0.0,0.0,17.32
2007-02-23 09:00:00,1.67,0.26,239.86,7.01,0.0,0.6,17.63
2007-02-23 10:00:00,1.52,0.17,239.84,6.38,0.0,0.0,16.75
2007-02-23 11:00:00,1.26,0.16,240.36,5.34,0.0,0.6,11.73
2007-02-23 12:00:00,1.45,0.09,241.42,5.96,0.0,0.0,17.85
2007-02-23 13:00:00,1.52,0.08,240.65,6.24,0.0,0.13,17.75
2007-02-23 14:00:00,1.4,0.11,240.56,5.82,0.0,0.47,17.73
2007-02-23 15:00:00,1.4,0.09,242.61,5.73,0.0,0.0,18.02
2007-02-23 16:00:00,1.39,0.1,241.02,5.75,0.0,0.6,17.8
2007-02-23 17:00:00,0.72,0.07,241.94,2.97,0.0,0.0,6.83
2007-02-23 18:00:00,0.34,0.13,241.49,1.54,0.0,0.52,0.0
2007-02-23 19:00:00,0.28,0.05,239.0,1.2,0.0,0.08,0.0
2007-02-23 20:00:00,0.31,0.07,239.0,1.32,0.0,0.05,0.0
2007-02-23 21:00:00,0.33,0.11,239.76,1.44,0.0,0.55,0.0
2007-02-23 22:00:00,0.34,0.06,242.29,1.46,0.0,0.0,0.0
2007-02-23 23:00:00,0.84,0.13,243.58,3.45,0.0,0.6,0.0
2007-02-24 00:00:00,0.38,0.06,241.32,1.59,0.0,0.0,0.0
2007-02-24 01:00:00,0.3,0.11,240.88,1.32,0.0,0.43,0.0
2007-02-24 02:00:00,0.28,0.09,242.27,1.19,0.0,0.17,0.0
2007-02-24 03:00:00,1.14,0.06,241.05,4.65,0.0,0.0,14.52
2007-02-24 04:00:00,0.39,0.14,242.0,1.7,0.0,0.6,1.22
2007-02-24 05:00:00,0.26,0.06,241.48,1.09,0.0,0.0,0.0
2007-02-24 06:00:00,0.31,0.12,242.54,1.35,0.0,0.62,0.0
2007-02-24 07:00:00,0.51,0.09,241.13,2.13,0.0,0.0,2.0
2007-02-24 08:00:00,2.02,0.08,239.78,8.4,0.0,0.33,17.63
2007-02-24 09:00:00,1.79,0.08,240.34,7.39,0.0,0.28,14.25
2007-02-24 10:00:00,0.29,0.1,239.61,1.28,0.0,0.0,0.0
2007-02-24 11:00:00,0.29,0.1,239.57,1.24,0.0,0.6,0.0
2007-02-24 12:00:00,0.26,0.06,239.8,1.1,0.0,0.0,0.0
2007-02-24 13:00:00,0.31,0.13,240.84,1.36,0.0,0.62,0.0
2007-02-24 14:00:00,0.26,0.06,241.05,1.09,0.0,0.0,0.0
2007-02-24 15:00:00,0.28,0.08,240.19,1.21,0.0,0.22,0.0
2007-02-24 16:00:00,0.29,0.09,239.54,1.22,0.0,0.38,0.0
2007-02-24 17:00:00,0.72,0.06,239.07,3.02,0.0,0.0,7.55
2007-02-24 18:00:00,0.44,0.11,234.98,1.89,0.0,0.6,2.2
2007-02-24 19:00:00,0.25,0.04,235.1,1.03,0.0,0.0,0.0
2007-02-24 20:00:00,0.28,0.08,237.34,1.2,0.0,0.48,0.0
2007-02-24 21:00:00,0.29,0.1,237.42,1.29,0.0,0.12,0.0
2007-02-24 22:00:00,0.25,0.04,237.87,1.02,0.0,0.0,0.0
2007-02-24 23:00:00,0.3,0.11,241.55,1.29,0.0,0.6,0.0
2007-02-25 00:00:00,0.28,0.08,241.78,1.17,0.0,0.0,0.0
2007-02-25 01:00:00,0.29,0.11,239.54,1.26,0.0,0.6,0.0
2007-02-25 02:00:00,0.27,0.06,241.78,1.09,0.0,0.0,0.0
2007-02-25 03:00:00,0.74,0.07,240.28,3.07,0.0,0.1,7.78
2007-02-25 04:00:00,0.58,0.09,240.65,2.42,0.0,0.5,4.92
2007-02-25 05:00:00,0.27,0.07,241.36,1.14,0.0,0.0,0.0
2007-02-25 06:00:00,0.3,0.11,241.65,1.31,0.0,0.6,0.0
2007-02-25 07:00:00,0.25,0.04,241.03,1.01,0.0,0.0,0.0
2007-02-25 08:00:00,0.29,0.09,241.65,1.23,0.0,0.17,0.0
2007-02-25 09:00:00,0.3,0.11,240.97,1.27,0.0,0.42,0.0
2007-02-25 10:00:00,0.25,0.04,241.82,1.06,0.0,0.0,0.0
2007-02-25 11:00:00,0.31,0.13,244.71,1.4,0.0,0.6,0.0
2007-02-25 12:00:00,0.26,0.06,243.01,1.09,0.0,0.0,0.0
2007-02-25 13:00:00,0.27,0.07,243.31,1.14,0.0,0.18,0.0
2007-02-25 14:00:00,1.2,0.11,241.54,4.96,0.0,0.4,14.97
2007-02-25 15:00:00,0.27,0.06,243.3,1.12,0.0,0.0,0.0
2007-02-25 16:00:00,0.29,0.1,241.48,1.25,0.0,0.58,0.0
2007-02-25 17:00:00,0.26,0.06,240.6,1.11,0.0,0.0,0.0
2007-02-25 18:00:00,0.27,0.07,239.49,1.15,0.0,0.18,0.0
2007-02-25 19:00:00,0.28,0.09,240.37,1.2,0.0,0.4,0.0
2007-02-25 20:00:00,0.27,0.06,242.37,1.13,0.0,0.0,0.0
2007-02-25 21:00:00,0.3,0.11,241.43,1.31,0.0,0.58,0.0
2007-02-25 22:00:00,0.25,0.05,242.28,1.01,0.0,0.0,0.0
2007-02-25 23:00:00,0.28,0.08,243.94,1.21,0.0,0.17,0.0
2007-02-26 00:00:00,0.54,0.1,242.33,2.31,0.0,0.4,3.97
2007-02-26 01:00:00,0.95,0.05,239.78,3.9,0.0,0.0,11.52
2007-02-26 02:00:00,0.3,0.1,242.06,1.25,0.0,0.58,0.0
2007-02-26 03:00:00,0.27,0.06,241.1,1.11,0.0,0.0,0.0
2007-02-26 04:00:00,0.26,0.05,240.22,1.07,0.0,0.13,0.0
2007-02-26 05:00:00,0.28,0.08,239.64,1.2,0.0,0.43,0.0
2007-02-26 06:00:00,0.28,0.09,241.52,1.2,0.0,0.0,0.0
2007-02-26 07:00:00,0.29,0.1,241.57,1.25,0.0,0.57,0.0
2007-02-26 08:00:00,0.25,0.04,239.27,1.01,0.0,0.0,0.0
2007-02-26 09:00:00,0.28,0.07,238.04,1.19,0.0,0.08,0.0
2007-02-26 10:00:00,0.28,0.08,238.09,1.17,0.0,0.48,0.0
2007-02-26 11:00:00,0.77,0.05,240.63,3.18,0.0,0.0,8.47
2007-02-26 12:00:00,0.76,0.12,243.26,3.21,0.0,0.58,7.43
2007-02-26 13:00:00,0.26,0.06,244.53,1.13,0.0,0.0,0.0
2007-02-26 14:00:00,0.26,0.05,244.9,1.16,0.0,0.03,0.0
2007-02-26 15:00:00,0.3,0.12,243.82,1.34,0.0,0.53,0.0
2007-02-26 16:00:00,0.27,0.07,242.22,1.13,0.0,0.0,0.0
2007-02-26 17:00:00,0.29,0.1,243.07,1.25,0.0,0.57,0.0
2007-02-26 18:00:00,0.26,0.06,242.1,1.09,0.0,0.0,0.0
2007-02-26 19:00:00,0.26,0.05,238.6,1.11,0.0,0.0,0.0
2007-02-26 20:00:00,0.28,0.08,238.5,1.19,0.0,0.57,0.0
2007-02-26 21:00:00,0.27,0.06,240.13,1.11,0.0,0.0,0.0
2007-02-26 22:00:00,0.91,0.11,240.91,3.74,0.0,0.55,10.03
2007-02-26 23:00:00,0.6,0.05,244.28,2.53,0.0,0.0,5.75
2007-02-27 00:00:00,0.26,0.05,242.22,1.08,0.0,0.0,0.0
2007-02-27 01:00:00,0.31,0.13,241.75,1.37,0.0,0.57,0.0
2007-02-27 02:00:00,0.26,0.05,242.31,1.06,0.0,0.0,0.0
2007-02-27 03:00:00,0.29,0.09,242.18,1.23,0.0,0.57,0.0
2007-02-27 04:00:00,0.28,0.07,241.11,1.18,0.0,0.0,0.0
2007-02-27 05:00:00,0.25,0.04,240.64,1.02,0.0,0.0,0.0
2007-02-27 06:00:00,0.29,0.1,242.03,1.26,0.0,0.55,0.0
2007-02-27 07:00:00,0.28,0.07,241.15,1.2,0.0,0.0,0.0
2007-02-27 08:00:00,0.28,0.09,240.13,1.23,0.0,0.48,0.0
2007-02-27 09:00:00,1.11,0.05,240.79,4.54,0.0,0.08,14.22
2007-02-27 10:00:00,0.38,0.07,244.14,1.6,0.0,0.0,1.68
2007-02-27 11:00:00,0.3,0.11,243.25,1.3,0.0,0.57,0.0
2007-02-27 12:00:00,0.27,0.06,245.59,1.15,0.0,0.0,0.0
2007-02-27 13:00:00,0.29,0.1,245.41,1.32,0.0,0.33,0.0
2007-02-27 14:00:00,0.29,0.09,245.72,1.26,0.0,0.23,0.0
2007-02-27 15:00:00,0.26,0.05,244.44,1.12,0.0,0.0,0.0
2007-02-27 16:00:00,0.31,0.12,244.41,1.39,0.0,0.58,0.0
2007-02-27 17:00:00,0.28,0.09,244.61,1.23,0.0,0.0,0.0
2007-02-27 18:00:00,0.27,0.06,242.21,1.14,0.0,0.2,0.0
2007-02-27 19:00:00,0.31,0.08,241.54,1.28,0.0,0.37,0.5
2007-02-27 20:00:00,1.22,0.06,242.01,4.96,0.0,0.0,15.67
2007-02-27 21:00:00,0.29,0.1,242.94,1.28,0.0,0.58,0.0
2007-02-27 22:00:00,0.27,0.06,244.34,1.12,0.0,0.0,0.0
2007-02-27 23:00:00,0.29,0.09,245.76,1.28,0.0,0.12,0.0
2007-02-28 00:00:00,0.29,0.1,245.43,1.28,0.0,0.45,0.0
2007-02-28 01:00:00,0.26,0.05,244.52,1.15,0.0,0.0,0.0
2007-02-28 02:00:00,0.32,0.14,245.29,1.42,0.0,0.58,0.0
2007-02-28 03:00:00,0.27,0.07,244.01,1.18,0.0,0.0,0.0
2007-02-28 04:00:00,0.26,0.05,243.05,1.1,0.0,0.05,0.0
2007-02-28 05:00:00,0.3,0.11,241.77,1.25,0.0,0.53,0.0
2007-02-28 06:00:00,0.35,0.06,242.59,1.47,0.0,0.0,1.27
2007-02-28 07:00:00,1.21,0.09,241.49,4.96,0.0,0.57,15.17
2007-02-28 08:00:00,0.26,0.05,240.31,1.09,0.0,0.0,0.0
2007-02-28 09:00:00,0.27,0.07,240.73,1.13,0.0,0.0,0.0
2007-02-28 10:00:00,0.29,0.09,241.68,1.21,0.0,0.58,0.0
2007-02-28 11:00:00,0.25,0.04,241.13,1.02,0.0,0.0,0.0
2007-02-28 12:00:00,0.32,0.13,241.5,1.39,0.0,0.58,0.0
2007-02-28 13:00:00,0.26,0.06,241.33,1.1,0.0,0.0,0.0
2007-02-28 14:00:00,0.25,0.04,241.07,1.02,0.0,0.0,0.0
2007-02-28 15:00:00,0.3,0.11,241.53,1.29,0.0,0.58,0.0
2007-02-28 16:00:00,0.27,0.06,242.5,1.12,0.0,0.0,0.0
2007-02-28 17:00:00,0.3,0.12,244.36,1.37,0.0,0.55,0.0
2007-02-28 18:00:00,1.25,0.04,239.78,5.14,0.0,0.03,16.45
2007-02-28 19:00:00,0.27,0.06,239.56,1.14,0.0,0.0,0.0
2007-02-28 20:00:00,0.29,0.09,239.91,1.22,0.0,0.57,0.0
2007-02-28 21:00:00,0.26,0.05,240.43,1.05,0.0,0.0,0.0
2007-02-28 22:00:00,0.32,0.13,243.44,1.43,0.0,0.52,0.0
2007-02-28 23:00:00,0.27,0.06,244.41,1.18,0.0,0.07,0.0
2007-03-01 00:00:00,0.26,0.05,242.91,1.06,0.0,0.0,0.0
2007-03-01 01:00:00,0.31,0.12,243.83,1.38,0.0,0.58,0.0
2007-03-01 02:00:00,0.28,0.07,243.54,1.18,0.0,0.0,0.0
2007-03-01 03:00:00,0.29,0.09,242.79,1.23,0.0,0.47,0.0
2007-03-01 04:00:00,0.27,0.06,242.79,1.15,0.0,0.12,0.0
2007-03-01 05:00:00,1.17,0.06,240.69,4.81,0.0,0.0,14.88
2007-03-01 06:00:00,0.37,0.1,241.06,1.56,0.0,0.58,1.28
2007-03-01 07:00:00,0.26,0.06,241.17,1.08,0.0,0.0,0.0
2007-03-01 08:00:00,0.29,0.09,239.99,1.25,0.0,0.35,0.0
2007-03-01 09:00:00,0.27,0.07,241.11,1.16,0.0,0.23,0.0
2007-03-01 10:00:00,0.25,0.04,240.35,1.03,0.0,0.0,0.0
2007-03-01 11:00:00,0.3,0.11,239.21,1.29,0.0,0.58,0.0
2007-03-01 12:00:00,0.28,0.07,241.36,1.14,0.0,0.0,0.0
2007-03-01 13:00:00,0.27,0.07,241.95,1.11,0.0,0.23,0.0
2007-03-01 14:00:00,0.28,0.08,241.88,1.19,0.0,0.35,0.0
2007-03-01 15:00:00,0.28,0.07,242.37,1.14,0.0,0.0,0.0
2007-03-01 16:00:00,1.24,0.09,239.96,5.13,0.0,0.57,15.83
2007-03-01 17:00:00,0.32,0.05,240.76,1.31,0.0,0.0,1.0
2007-03-01 18:00:00,0.28,0.08,238.44,1.18,0.0,0.15,0.0
2007-03-01 19:00:00,0.28,0.08,238.14,1.18,0.0,0.43,0.0
2007-03-01 20:00:00,0.25,0.04,240.0,1.01,0.0,0.0,0.0
2007-03-01 21:00:00,0.31,0.12,239.94,1.34,0.0,0.58,0.0
2007-03-01 22:00:00,0.27,0.06,242.86,1.13,0.0,0.0,0.0
2007-03-01 23:00:00,0.26,0.05,244.62,1.17,0.0,0.03,0.0
2007-03-02 00:00:00,0.29,0.09,240.69,1.25,0.0,0.53,0.0
2007-03-02 01:00:00,0.28,0.08,240.98,1.2,0.0,0.0,0.0
2007-03-02 02:00:00,0.29,0.1,241.34,1.25,0.0,0.57,0.0
2007-03-02 03:00:00,0.85,0.04,240.04,3.5,0.0,0.0,9.98
2007-03-02 04:00:00,0.65,0.05,239.3,2.69,0.0,0.0,6.3
2007-03-02 05:00:00,0.29,0.1,239.28,1.28,0.0,0.57,0.0
2007-03-02 06:00:00,0.26,0.05,242.17,1.07,0.0,0.0,0.0
2007-03-02 07:00:00,0.29,0.1,242.8,1.29,0.0,0.5,0.0
2007-03-02 08:00:00,0.27,0.06,239.01,1.15,0.0,0.07,0.0
2007-03-02 09:00:00,0.25,0.04,240.58,1.01,0.0,0.0,0.0
2007-03-02 10:00:00,0.3,0.11,241.13,1.26,0.0,0.57,0.0
2007-03-02 11:00:00,0.27,0.07,240.41,1.15,0.0,0.0,0.0
2007-03-02 12:00:00,0.27,0.07,240.81,1.13,0.0,0.32,0.0
2007-03-02 13:00:00,0.26,0.06,240.21,1.09,0.0,0.25,0.0
2007-03-02 14:00:00,0.93,0.07,240.89,3.86,0.0,0.0,10.95
2007-03-02 15:00:00,0.64,0.12,241.98,2.68,0.0,0.57,5.58
2007-03-02 16:00:00,0.25,0.04,240.58,1.03,0.0,0.0,0.0
2007-03-02 17:00:00,0.27,0.07,239.03,1.15,0.0,0.18,0.0
2007-03-02 18:00:00,0.28,0.09,237.5,1.22,0.0,0.38,0.0
2007-03-02 19:00:00,0.26,0.05,237.65,1.07,0.0,0.0,0.0
2007-03-02 20:00:00,0.29,0.1,239.74,1.24,0.0,0.58,0.0
2007-03-02 21:00:00,0.27,0.06,239.85,1.17,0.0,0.0,0.0
2007-03-02 22:00:00,0.26,0.05,243.14,1.06,0.0,0.03,0.0
2007-03-02 23:00:00,0.3,0.11,245.1,1.36,0.0,0.55,0.0
2007-03-03 00:00:00,0.29,0.09,244.95,1.28,0.0,0.0,0.0
2007-03-03 01:00:00,0.88,0.11,242.67,3.63,0.0,0.58,9.58
2007-03-03 02:00:00,0.67,0.05,243.03,2.74,0.0,0.0,6.83
2007-03-03 03:00:00,0.28,0.08,242.58,1.2,0.0,0.0,0.0
2007-03-03 04:00:00,0.31,0.13,242.61,1.36,0.0,0.58,0.0
2007-03-03 05:00:00,0.26,0.05,242.84,1.06,0.0,0.0,0.0
2007-03-03 06:00:00,0.31,0.12,243.17,1.39,0.0,0.58,0.0
2007-03-03 07:00:00,0.29,0.09,243.46,1.26,0.0,0.0,0.0
2007-03-03 08:00:00,0.26,0.05,243.27,1.12,0.0,0.0,0.0
2007-03-03 09:00:00,0.31,0.12,240.96,1.35,0.0,0.58,0.0
2007-03-03 10:00:00,0.28,0.08,240.38,1.22,0.0,0.0,0.0
2007-03-03 11:00:00,0.3,0.1,238.1,1.28,0.0,0.57,0.0
2007-03-03 12:00:00,0.64,0.07,240.39,2.68,0.0,0.0,6.17
2007-03-03 13:00:00,0.9,0.08,242.62,3.72,0.0,0.05,10.25
2007-03-03 14:00:00,0.31,0.12,242.65,1.36,0.0,0.53,0.0
2007-03-03 15:00:00,0.27,0.06,240.85,1.13,0.0,0.0,0.0
2007-03-03 16:00:00,0.32,0.13,241.84,1.39,0.0,0.58,0.0
2007-03-03 17:00:00,0.28,0.08,241.1,1.19,0.0,0.0,0.0
2007-03-03 18:00:00,0.37,0.09,239.0,1.58,0.0,0.32,0.0
2007-03-03 19:00:00,1.54,0.17,235.74,6.52,0.0,0.28,0.0
2007-03-03 20:00:00,1.81,0.11,237.49,7.6,0.0,0.0,14.67
2007-03-03 21:00:00,1.48,0.09,239.23,6.15,0.0,0.57,17.55
2007-03-03 22:00:00,0.97,0.06,240.44,3.99,0.0,0.0,11.57
2007-03-03 23:00:00,0.32,0.14,241.53,1.42,0.0,0.55,0.0
2007-03-04 00:00:00,0.26,0.05,240.68,1.06,0.0,0.03,0.0
2007-03-04 01:00:00,0.27,0.06,239.27,1.11,0.0,0.0,0.0
2007-03-04 02:00:00,0.32,0.13,240.22,1.41,0.0,0.58,0.0
2007-03-04 03:00:00,0.26,0.05,240.73,1.03,0.0,0.0,0.0
2007-03-04 04:00:00,0.3,0.1,241.34,1.28,0.0,0.57,0.0
2007-03-04 05:00:00,0.28,0.08,242.34,1.22,0.0,0.0,0.0
2007-03-04 06:00:00,0.68,0.05,242.69,2.82,0.0,0.08,6.73
2007-03-04 07:00:00,0.67,0.1,243.15,2.76,0.0,0.48,6.13
2007-03-04 08:00:00,0.28,0.07,241.25,1.22,0.0,0.0,0.0
2007-03-04 09:00:00,0.31,0.11,240.96,1.33,0.0,0.58,0.0
2007-03-04 10:00:00,0.27,0.05,240.0,1.12,0.0,0.0,0.0
2007-03-04 11:00:00,0.3,0.09,238.52,1.28,0.0,0.22,0.0
2007-03-04 12:00:00,0.29,0.1,241.47,1.26,0.0,0.37,0.0
2007-03-04 13:00:00,1.34,0.1,241.55,5.63,0.0,0.0,13.15
2007-03-04 14:00:00,0.46,0.16,242.68,2.01,0.0,0.58,0.47
2007-03-04 15:00:00,1.9,0.14,241.46,7.91,0.0,6.03,17.88
2007-03-04 16:00:00,3.34,0.21,239.94,14.03,0.0,27.03,17.63
2007-03-04 17:00:00,4.09,0.35,237.93,17.31,14.75,15.9,17.35
2007-03-04 18:00:00,4.11,0.19,235.68,17.52,0.07,22.7,17.02
2007-03-04 19:00:00,5.43,0.24,234.29,23.31,9.75,28.03,16.85
2007-03-04 20:00:00,4.1,0.15,235.64,17.39,0.03,13.42,17.02
2007-03-04 21:00:00,3.94,0.14,236.3,16.8,0.0,24.92,13.13
2007-03-04 22:00:00,1.34,0.12,239.51,5.58,0.0,3.03,13.37
2007-03-04 23:00:00,0.32,0.07,243.12,1.38,0.0,0.62,0.07
2007-03-05 00:00:00,0.35,0.14,241.66,1.58,0.0,0.73,0.0
2007-03-05 01:00:00,0.28,0.05,241.14,1.22,0.0,0.3,0.0
2007-03-05 02:00:00,0.3,0.08,243.17,1.32,0.0,0.48,0.0
2007-03-05 03:00:00,0.31,0.09,242.53,1.37,0.0,0.52,0.0
2007-03-05 04:00:00,0.28,0.05,241.73,1.21,0.0,0.18,0.0
2007-03-05 05:00:00,0.32,0.1,240.84,1.4,0.0,0.68,0.0
2007-03-05 06:00:00,1.54,0.04,241.53,6.35,0.0,0.0,13.72
2007-03-05 07:00:00,3.93,0.2,237.08,16.77,0.0,31.13,17.23
2007-03-05 08:00:00,1.9,0.08,237.56,7.98,9.0,0.23,17.3
2007-03-05 09:00:00,1.89,0.07,238.33,7.92,8.73,0.95,17.42
2007-03-05 10:00:00,1.38,0.1,240.04,5.73,0.0,0.48,17.65
2007-03-05 11:00:00,1.37,0.06,241.21,5.62,0.0,0.25,17.82
2007-03-05 12:00:00,0.72,0.09,242.04,3.1,0.0,0.73,5.83
2007-03-05 13:00:00,1.11,0.1,241.62,4.76,0.0,0.17,8.67
2007-03-05 14:00:00,2.6,0.11,240.77,10.86,0.0,22.58,12.65
2007-03-05 15:00:00,1.66,0.16,242.32,7.21,0.0,22.35,0.0
2007-03-05 16:00:00,2.51,0.33,239.69,10.79,19.87,10.82,0.0
2007-03-05 17:00:00,2.71,0.16,239.26,11.4,0.05,38.82,0.0
2007-03-05 18:00:00,3.36,0.33,236.94,14.35,6.78,12.88,8.4
2007-03-05 19:00:00,5.64,0.36,234.95,24.12,23.58,25.6,2.33
2007-03-05 20:00:00,4.21,0.43,236.83,17.97,10.47,28.48,0.0
2007-03-05 21:00:00,3.51,0.1,237.24,14.83,7.88,2.72,12.23
2007-03-05 22:00:00,2.18,0.12,239.26,9.11,9.08,0.38,15.85
2007-03-05 23:00:00,0.29,0.08,242.99,1.21,0.0,0.33,0.0
2007-03-06 00:00:00,0.29,0.08,243.58,1.22,0.0,0.18,0.0
2007-03-06 01:00:00,0.28,0.08,243.81,1.16,0.0,0.47,0.0
2007-03-06 02:00:00,0.29,0.08,243.18,1.25,0.0,0.0,0.0
2007-03-06 03:00:00,0.28,0.08,242.18,1.2,0.0,0.63,0.0
2007-03-06 04:00:00,0.27,0.05,242.37,1.1,0.0,0.0,0.0
2007-03-06 05:00:00,0.29,0.1,241.2,1.25,0.0,0.63,0.0
2007-03-06 06:00:00,1.6,0.09,242.61,6.71,0.0,0.0,9.62
2007-03-06 07:00:00,2.52,0.11,239.25,10.52,0.0,0.8,17.53
2007-03-06 08:00:00,1.24,0.2,240.97,5.24,0.0,1.5,11.33
2007-03-06 09:00:00,0.86,0.19,239.94,3.8,0.0,1.45,0.0
2007-03-06 10:00:00,0.86,0.19,239.36,3.76,0.0,1.42,0.0
2007-03-06 11:00:00,0.7,0.15,240.51,3.19,0.0,1.43,0.0
2007-03-06 12:00:00,0.46,0.22,241.97,2.17,0.0,1.42,0.0
2007-03-06 13:00:00,0.99,0.16,241.24,4.21,0.0,1.42,9.43
2007-03-06 14:00:00,0.4,0.2,241.53,1.79,0.0,1.4,0.0
2007-03-06 15:00:00,0.38,0.18,241.61,1.69,0.0,1.4,0.0
2007-03-06 16:00:00,0.41,0.21,241.53,1.89,0.0,1.4,0.0
2007-03-06 17:00:00,0.4,0.06,242.28,1.68,0.0,0.38,0.0
2007-03-06 18:00:00,0.72,0.18,237.78,3.09,0.0,1.48,0.0
2007-03-06 19:00:00,1.91,0.16,235.6,8.12,0.0,1.35,9.15
2007-03-06 20:00:00,2.68,0.1,236.92,11.35,0.0,7.9,8.72
2007-03-06 21:00:00,1.74,0.07,239.36,7.29,0.0,1.93,7.35
2007-03-06 22:00:00,0.49,0.1,241.89,2.08,0.0,0.4,0.0
2007-03-06 23:00:00,0.72,0.05,243.03,2.95,0.0,0.0,5.2
2007-03-07 00:00:00,0.67,0.1,242.49,2.79,0.0,0.63,4.62
2007-03-07 01:00:00,0.26,0.05,242.09,1.09,0.0,0.0,0.0
2007-03-07 02:00:00,0.31,0.1,241.32,1.33,0.0,0.65,0.0
2007-03-07 03:00:00,0.27,0.05,241.86,1.11,0.0,0.0,0.0
2007-03-07 04:00:00,0.27,0.06,241.42,1.11,0.0,0.33,0.0
2007-03-07 05:00:00,0.3,0.11,239.94,1.33,0.0,0.28,0.0
2007-03-07 06:00:00,1.78,0.06,242.3,7.39,0.0,0.0,12.55
2007-03-07 07:00:00,1.78,0.13,239.6,7.41,0.0,0.63,17.6
2007-03-07 08:00:00,2.17,0.04,237.02,9.14,8.87,0.0,17.23
2007-03-07 09:00:00,2.14,0.12,236.84,9.05,9.07,0.62,17.2
2007-03-07 10:00:00,1.41,0.08,238.76,5.87,0.0,0.0,17.47
2007-03-07 11:00:00,1.69,0.16,240.74,7.07,0.0,0.15,17.77
2007-03-07 12:00:00,1.77,0.23,240.29,7.5,0.0,0.45,17.7
2007-03-07 13:00:00,1.42,0.07,241.38,5.86,0.0,0.0,17.85
2007-03-07 14:00:00,1.42,0.13,243.24,5.82,0.0,0.6,18.12
2007-03-07 15:00:00,1.36,0.06,242.36,5.55,0.0,0.0,17.98
2007-03-07 16:00:00,1.41,0.12,244.09,5.85,0.0,9.87,7.67
2007-03-07 17:00:00,0.35,0.06,242.94,1.5,0.0,0.95,0.0
2007-03-07 18:00:00,2.54,0.13,238.29,10.81,0.0,20.43,2.15
2007-03-07 19:00:00,4.85,0.21,234.19,20.74,0.0,32.0,16.83
2007-03-07 20:00:00,4.37,0.34,235.16,18.69,0.0,7.45,16.97
2007-03-07 21:00:00,3.24,0.17,237.77,13.62,0.0,1.48,17.32
2007-03-07 22:00:00,2.79,0.11,239.86,11.57,0.0,1.4,17.63
2007-03-07 23:00:00,1.01,0.17,243.82,4.25,0.0,1.42,3.9
2007-03-08 00:00:00,0.36,0.14,243.08,1.61,0.0,1.4,0.0
2007-03-08 01:00:00,0.36,0.14,240.58,1.54,0.0,1.38,0.0
2007-03-08 02:00:00,0.71,0.1,241.45,2.97,0.0,0.93,6.08
2007-03-08 03:00:00,0.63,0.07,241.9,2.62,0.0,0.77,5.28
2007-03-08 04:00:00,0.38,0.15,241.41,1.72,0.0,1.48,0.0
2007-03-08 05:00:00,0.36,0.13,240.42,1.57,0.0,1.43,0.0
2007-03-08 06:00:00,0.65,0.13,243.32,2.75,0.0,1.42,0.0
2007-03-08 07:00:00,2.39,0.18,239.82,10.0,0.1,1.4,17.1
2007-03-08 08:00:00,2.21,0.14,238.24,9.29,13.3,1.35,17.4
2007-03-08 09:00:00,1.02,0.06,240.43,4.3,4.48,0.37,7.63
2007-03-08 10:00:00,0.38,0.16,240.59,1.71,0.0,1.55,0.0
2007-03-08 11:00:00,0.36,0.14,240.25,1.63,0.0,1.43,0.0
2007-03-08 12:00:00,0.37,0.16,241.28,1.69,0.0,1.43,0.0
2007-03-08 13:00:00,0.36,0.14,240.87,1.62,0.0,1.4,0.0
2007-03-08 14:00:00,0.36,0.14,241.98,1.64,0.0,1.38,0.0
2007-03-08 15:00:00,0.39,0.15,242.55,1.83,0.0,0.43,0.0
2007-03-08 16:00:00,0.46,0.08,242.93,1.95,0.0,0.0,2.32
2007-03-08 17:00:00,0.85,0.1,242.16,3.6,0.0,0.62,8.53
2007-03-08 18:00:00,0.61,0.07,240.07,2.71,1.33,0.08,0.0
2007-03-08 19:00:00,3.53,0.38,236.27,15.2,17.08,9.13,0.0
2007-03-08 20:00:00,3.35,0.07,236.54,14.21,0.03,18.1,8.85
2007-03-08 21:00:00,3.23,0.13,237.74,13.63,0.0,7.72,17.33
2007-03-08 22:00:00,2.3,0.06,238.67,9.61,0.0,0.58,17.45
2007-03-08 23:00:00,0.59,0.12,243.42,2.56,0.0,0.62,2.93
2007-03-09 00:00:00,0.28,0.05,241.19,1.19,0.0,0.0,0.0
2007-03-09 01:00:00,0.31,0.1,242.22,1.36,0.0,0.58,0.0
2007-03-09 02:00:00,0.3,0.07,243.4,1.27,0.0,0.0,0.0
2007-03-09 03:00:00,0.29,0.07,242.32,1.28,0.0,0.33,0.0
2007-03-09 04:00:00,0.3,0.08,241.46,1.3,0.0,0.25,0.0
2007-03-09 05:00:00,0.27,0.03,240.87,1.15,0.0,0.0,0.0
2007-03-09 06:00:00,0.81,0.12,240.99,3.59,0.0,0.58,2.77
2007-03-09 07:00:00,1.94,0.06,238.51,8.17,0.02,0.0,15.65
2007-03-09 08:00:00,2.02,0.11,237.92,8.49,9.72,0.57,17.35
2007-03-09 09:00:00,2.17,0.05,238.29,9.11,8.48,0.0,17.4
2007-03-09 10:00:00,1.88,0.11,237.76,7.93,0.0,0.45,17.33
2007-03-09 11:00:00,1.76,0.05,238.3,7.4,0.0,0.13,17.4
2007-03-09 12:00:00,1.41,0.08,240.03,5.82,0.0,0.03,17.67
2007-03-09 13:00:00,1.43,0.09,240.54,5.9,0.0,0.53,17.72
2007-03-09 14:00:00,0.86,0.07,241.37,3.57,0.0,0.0,9.2
2007-03-09 15:00:00,0.39,0.14,243.09,1.76,0.0,0.58,0.0
2007-03-09 16:00:00,0.37,0.07,242.56,1.64,0.0,0.0,0.0
2007-03-09 17:00:00,0.33,0.11,241.08,1.43,0.0,0.57,0.0
2007-03-09 18:00:00,0.34,0.05,240.48,1.47,0.0,0.0,0.0
2007-03-09 19:00:00,0.98,0.1,240.44,4.16,0.0,0.2,0.0
2007-03-09 20:00:00,0.37,0.07,241.16,1.54,0.0,0.37,0.0
2007-03-09 21:00:00,0.45,0.07,241.13,1.89,0.0,0.0,0.8
2007-03-09 22:00:00,1.02,0.1,243.31,4.18,0.0,0.57,10.57
2007-03-09 23:00:00,0.94,0.16,242.9,3.95,0.0,0.0,0.0
2007-03-10 00:00:00,0.33,0.14,243.05,1.49,0.0,0.57,0.0
2007-03-10 01:00:00,0.3,0.09,243.02,1.31,0.0,0.0,0.0
2007-03-10 02:00:00,0.29,0.08,242.24,1.31,0.0,0.33,0.0
2007-03-10 03:00:00,0.99,0.09,241.28,4.13,0.0,0.22,11.52
2007-03-10 04:00:00,0.28,0.05,241.92,1.2,0.0,0.0,0.0
2007-03-10 05:00:00,0.31,0.1,241.58,1.37,0.0,0.55,0.0
2007-03-10 06:00:00,0.28,0.06,243.42,1.2,0.0,0.0,0.0
2007-03-10 07:00:00,0.63,0.11,243.78,2.78,0.0,0.55,0.0
2007-03-10 08:00:00,1.2,0.06,240.4,5.13,0.07,4.68,8.32
2007-03-10 09:00:00,2.15,0.06,238.8,8.99,11.73,0.8,17.48
2007-03-10 10:00:00,3.11,0.22,236.5,13.25,24.1,2.53,17.15
2007-03-10 11:00:00,2.36,0.4,238.61,10.13,8.7,2.47,17.45
2007-03-10 12:00:00,1.82,0.5,239.78,7.78,0.47,0.58,17.63
2007-03-10 13:00:00,1.72,0.39,241.13,7.26,0.18,0.0,17.82
2007-03-10 14:00:00,2.17,0.32,240.69,9.15,0.0,9.63,17.75
2007-03-10 15:00:00,3.07,0.21,238.31,13.13,0.0,21.1,17.42
2007-03-10 16:00:00,2.22,0.32,238.87,9.58,0.0,16.52,2.97
2007-03-10 17:00:00,2.21,0.15,239.7,9.43,0.0,24.92,0.0
2007-03-10 18:00:00,1.0,0.14,239.32,4.29,0.0,3.72,0.0
2007-03-10 19:00:00,3.1,0.15,233.51,13.4,0.0,0.03,7.32
2007-03-10 20:00:00,2.17,0.22,237.89,9.14,0.07,0.58,6.65
2007-03-10 21:00:00,3.34,0.1,238.54,14.02,13.92,0.0,12.05
2007-03-10 22:00:00,3.42,0.04,235.91,14.45,9.6,0.58,2.58
2007-03-10 23:00:00,2.92,0.04,237.01,12.26,0.0,0.0,8.88
2007-03-11 00:00:00,2.45,0.11,237.1,10.27,0.0,0.57,0.0
2007-03-11 01:00:00,2.38,0.1,238.55,9.93,0.0,0.0,0.0
2007-03-11 02:00:00,2.41,0.09,240.76,9.91,0.0,0.48,0.0
2007-03-11 03:00:00,2.43,0.07,242.6,9.96,0.0,0.07,0.0
2007-03-11 04:00:00,2.42,0.07,241.85,9.9,0.0,0.13,0.0
2007-03-11 05:00:00,2.43,0.1,241.58,10.0,0.0,0.42,0.0
2007-03-11 06:00:00,3.03,0.08,240.79,12.55,0.0,0.0,0.0
2007-03-11 07:00:00,3.37,0.08,240.37,13.99,0.0,0.57,9.27
2007-03-11 08:00:00,2.41,0.05,239.63,9.97,0.0,0.0,0.0
2007-03-11 09:00:00,2.59,0.08,237.96,10.79,0.0,0.55,0.0
2007-03-11 10:00:00,1.37,0.05,241.12,5.79,0.0,0.0,6.08
2007-03-11 11:00:00,0.77,0.08,240.25,3.38,0.0,0.3,4.03
2007-03-11 12:00:00,1.74,0.12,238.75,7.51,12.53,0.27,4.48
2007-03-11 13:00:00,3.31,0.26,236.93,14.17,14.75,5.43,17.22
2007-03-11 14:00:00,1.55,0.16,242.61,6.42,0.0,0.6,18.02
2007-03-11 15:00:00,2.52,0.09,241.26,10.56,7.35,14.53,13.15
2007-03-11 16:00:00,1.64,0.16,241.12,6.98,9.63,8.88,0.0
2007-03-11 17:00:00,1.92,0.1,241.59,8.14,0.0,17.07,3.25
2007-03-11 18:00:00,2.84,0.16,239.51,11.9,3.08,5.4,17.58
2007-03-11 19:00:00,4.63,0.32,236.06,19.73,23.53,0.55,17.08
2007-03-11 20:00:00,3.45,0.32,237.19,14.63,9.28,0.6,17.25
2007-03-11 21:00:00,2.85,0.07,238.57,11.89,0.0,0.0,17.45
2007-03-11 22:00:00,2.52,0.1,240.15,10.47,0.0,0.58,13.47
2007-03-11 23:00:00,0.99,0.09,243.87,4.07,0.0,0.0,0.0
2007-03-12 00:00:00,0.31,0.1,245.6,1.36,0.0,0.58,0.0
2007-03-12 01:00:00,0.29,0.08,244.24,1.3,0.0,0.0,0.0
2007-03-12 02:00:00,0.31,0.1,245.91,1.34,0.0,0.5,0.0
2007-03-12 03:00:00,0.29,0.07,244.97,1.23,0.0,0.07,0.0
2007-03-12 04:00:00,0.29,0.07,244.11,1.26,0.0,0.15,0.0
2007-03-12 05:00:00,0.29,0.07,242.71,1.23,0.0,0.42,0.0
2007-03-12 06:00:00,0.84,0.07,242.05,3.47,0.0,0.0,9.08
2007-03-12 07:00:00,1.82,0.11,240.75,7.65,0.1,0.55,13.13
2007-03-12 08:00:00,2.22,0.1,237.76,9.33,13.88,0.0,17.33
2007-03-12 09:00:00,2.18,0.1,235.64,9.24,9.38,0.55,17.03
2007-03-12 10:00:00,1.89,0.08,236.92,8.01,0.02,0.0,17.22
2007-03-12 11:00:00,1.93,0.09,237.65,8.22,0.0,0.25,17.32
2007-03-12 12:00:00,1.65,0.09,237.81,7.03,0.0,0.32,13.18
2007-03-12 13:00:00,1.0,0.1,237.6,4.53,0.0,0.0,0.0
2007-03-12 14:00:00,1.17,0.1,239.69,5.03,0.0,0.58,0.0
2007-03-12 15:00:00,0.98,0.07,241.29,4.13,0.0,0.0,0.0
2007-03-12 16:00:00,1.26,0.1,241.82,5.17,0.0,0.57,12.87
2007-03-12 17:00:00,1.49,0.06,240.61,6.13,0.0,0.0,17.73
2007-03-12 18:00:00,1.4,0.07,238.88,5.8,0.0,0.5,17.48
2007-03-12 19:00:00,3.31,0.21,234.46,14.14,0.0,9.13,16.87
2007-03-12 20:00:00,2.33,0.08,239.9,9.71,0.0,0.38,14.92
2007-03-12 21:00:00,2.66,0.12,238.76,11.18,0.0,21.53,2.72
2007-03-12 22:00:00,2.21,0.14,239.99,9.27,0.0,10.62,17.65
2007-03-12 23:00:00,0.4,0.08,244.28,1.72,0.0,0.65,1.35
2007-03-13 00:00:00,0.31,0.09,242.01,1.34,0.0,0.78,0.0
2007-03-13 01:00:00,0.3,0.08,240.86,1.33,0.0,0.17,0.0
2007-03-13 02:00:00,0.3,0.08,243.44,1.28,0.0,0.63,0.0
2007-03-13 03:00:00,0.3,0.07,242.03,1.32,0.0,0.33,0.0
2007-03-13 04:00:00,0.29,0.06,241.72,1.26,0.0,0.33,0.0
2007-03-13 05:00:00,0.31,0.09,240.11,1.34,0.0,0.53,0.0
2007-03-13 06:00:00,1.19,0.05,241.29,5.02,0.0,0.0,4.93
2007-03-13 07:00:00,1.56,0.13,240.96,6.49,0.0,0.58,17.8
2007-03-13 08:00:00,1.34,0.06,239.69,5.54,0.0,0.0,17.6
2007-03-13 09:00:00,0.72,0.11,239.97,3.04,0.0,0.58,6.73
2007-03-13 10:00:00,0.28,0.06,241.26,1.21,0.0,0.0,0.0
2007-03-13 11:00:00,0.32,0.11,239.74,1.4,0.0,0.48,0.0
2007-03-13 12:00:00,0.29,0.08,241.76,1.28,0.0,0.1,0.0
2007-03-13 13:00:00,0.28,0.06,241.35,1.24,0.0,0.13,0.0
2007-03-13 14:00:00,0.33,0.13,241.73,1.49,0.0,0.45,0.0
2007-03-13 15:00:00,0.27,0.05,243.14,1.16,0.0,0.0,0.0
2007-03-13 16:00:00,0.33,0.13,242.37,1.49,0.0,0.58,0.0
2007-03-13 17:00:00,0.97,0.04,241.22,4.06,0.0,0.0,11.13
2007-03-13 18:00:00,1.74,0.13,239.82,7.27,2.05,1.05,17.63
2007-03-13 19:00:00,3.46,0.08,234.08,14.92,10.8,26.13,0.82
2007-03-13 20:00:00,2.12,0.11,238.79,9.04,9.65,13.55,0.0
2007-03-13 21:00:00,0.65,0.09,242.19,2.75,0.0,0.63,0.0
2007-03-13 22:00:00,1.99,0.14,239.51,8.33,0.0,8.13,0.0
2007-03-13 23:00:00,1.86,0.1,242.51,7.76,0.0,9.12,12.07
2007-03-14 00:00:00,0.42,0.13,243.03,1.87,0.0,1.27,0.0
2007-03-14 01:00:00,0.35,0.07,241.27,1.56,0.0,0.15,0.0
2007-03-14 02:00:00,0.38,0.12,244.53,1.71,0.0,0.8,0.0
2007-03-14 03:00:00,0.37,0.08,243.85,1.62,0.0,0.17,0.0
2007-03-14 04:00:00,0.37,0.1,242.87,1.67,0.0,0.78,0.0
2007-03-14 05:00:00,0.35,0.07,241.87,1.56,0.0,0.17,0.0
2007-03-14 06:00:00,1.85,0.11,240.51,7.75,0.0,0.43,10.88
2007-03-14 07:00:00,1.6,0.09,240.83,6.6,0.0,0.25,17.77
2007-03-14 08:00:00,1.39,0.07,239.84,5.77,0.0,0.07,17.63
2007-03-14 09:00:00,1.34,0.08,238.04,5.56,0.0,0.5,17.37
2007-03-14 10:00:00,0.9,0.1,240.4,3.83,0.0,0.0,8.83
2007-03-14 11:00:00,0.98,0.1,240.56,4.1,0.0,0.57,10.55
2007-03-14 12:00:00,1.92,0.2,241.45,8.02,0.0,0.0,17.87
2007-03-14 13:00:00,1.5,0.13,242.4,6.16,0.25,0.57,18.0
2007-03-14 14:00:00,0.93,0.09,242.64,3.9,8.97,0.0,1.28
2007-03-14 15:00:00,0.87,0.13,242.86,3.66,9.1,0.53,0.0
2007-03-14 16:00:00,0.3,0.09,243.69,1.27,0.0,0.05,0.0
2007-03-14 17:00:00,0.4,0.07,241.48,1.73,0.0,0.23,0.0
2007-03-14 18:00:00,0.61,0.11,238.62,2.64,0.0,0.33,0.0
2007-03-14 19:00:00,3.71,0.22,232.86,15.93,14.5,0.0,0.0
2007-03-14 20:00:00,2.83,0.2,236.28,12.08,7.72,0.57,2.28
2007-03-14 21:00:00,3.62,0.06,235.2,15.41,7.67,0.0,16.98
2007-03-14 22:00:00,1.65,0.12,240.42,6.89,4.95,0.57,4.0
2007-03-14 23:00:00,1.24,0.09,243.13,5.13,4.93,0.0,0.0
2007-03-15 00:00:00,0.58,0.11,242.15,2.46,0.0,0.57,0.0
2007-03-15 01:00:00,0.27,0.06,242.73,1.15,0.0,0.0,0.0
2007-03-15 02:00:00,0.3,0.1,242.06,1.3,0.0,0.37,0.0
2007-03-15 03:00:00,0.29,0.06,241.7,1.21,0.0,0.2,0.0
2007-03-15 04:00:00,0.77,0.06,240.77,3.19,0.0,0.0,8.05
2007-03-15 05:00:00,0.35,0.08,240.93,1.47,0.0,0.57,0.97
2007-03-15 06:00:00,1.73,0.06,240.93,7.18,0.0,0.0,10.78
2007-03-15 07:00:00,2.1,0.15,239.37,8.81,0.0,0.58,17.57
2007-03-15 08:00:00,1.35,0.05,238.74,5.59,0.0,0.0,17.47
2007-03-15 09:00:00,1.22,0.12,238.12,5.14,0.0,0.57,12.62
2007-03-15 10:00:00,1.79,0.06,237.77,7.54,0.0,7.13,17.33
2007-03-15 11:00:00,1.47,0.1,237.78,6.19,0.0,0.4,17.33
2007-03-15 12:00:00,0.47,0.1,239.74,2.14,0.0,0.18,0.28
2007-03-15 13:00:00,0.41,0.07,241.58,1.85,0.0,0.08,0.0
2007-03-15 14:00:00,0.8,0.15,243.32,3.54,0.0,6.05,0.0
2007-03-15 15:00:00,2.67,0.15,241.16,11.15,0.0,29.95,7.6
2007-03-15 16:00:00,0.88,0.17,243.92,3.83,0.0,4.7,3.92
2007-03-15 17:00:00,0.57,0.12,241.43,2.51,0.0,0.62,0.22
2007-03-15 18:00:00,2.1,0.28,238.26,8.85,0.0,0.8,17.43
2007-03-15 19:00:00,3.58,0.21,233.75,15.27,0.0,0.17,16.77
2007-03-15 20:00:00,3.35,0.12,237.95,14.03,0.0,0.78,17.37
2007-03-15 21:00:00,2.41,0.09,239.15,10.06,0.0,0.07,11.82
2007-03-15 22:00:00,1.21,0.12,241.69,5.03,0.0,0.6,6.42
2007-03-15 23:00:00,0.75,0.06,241.75,3.04,0.0,0.0,0.0
2007-03-16 00:00:00,0.79,0.11,240.05,3.25,0.0,0.43,0.0
2007-03-16 01:00:00,0.73,0.06,238.83,2.99,0.0,0.13,0.0
2007-03-16 02:00:00,0.77,0.07,242.17,3.13,0.0,0.13,0.0
2007-03-16 03:00:00,0.77,0.08,241.95,3.15,0.0,0.45,0.0
2007-03-16 04:00:00,0.75,0.05,241.2,3.04,0.0,0.0,0.0
2007-03-16 05:00:00,0.77,0.09,239.97,3.17,0.0,0.57,0.0
2007-03-16 06:00:00,1.3,0.05,240.53,5.37,0.0,0.0,9.03
2007-03-16 07:00:00,0.97,0.14,240.57,4.1,0.0,0.57,0.43
2007-03-16 08:00:00,1.95,0.06,237.87,8.24,8.52,0.0,17.38
2007-03-16 09:00:00,2.02,0.12,236.16,8.54,1.17,9.98,17.1
2007-03-16 10:00:00,1.39,0.08,239.37,5.87,8.75,0.48,9.18
2007-03-16 11:00:00,0.28,0.06,240.92,1.22,0.0,0.1,0.0
2007-03-16 12:00:00,0.32,0.12,241.9,1.47,0.0,0.5,0.0
2007-03-16 13:00:00,0.28,0.06,241.03,1.18,0.0,0.0,0.0
2007-03-16 14:00:00,0.33,0.13,243.52,1.46,0.0,0.6,0.0
2007-03-16 15:00:00,0.28,0.06,243.13,1.2,0.0,0.0,0.0
2007-03-16 16:00:00,0.32,0.12,241.53,1.42,0.0,0.6,0.0
2007-03-16 17:00:00,0.85,0.07,239.41,3.56,0.0,0.0,0.0
2007-03-16 18:00:00,3.43,0.1,233.8,14.72,0.0,15.35,10.15
2007-03-16 19:00:00,3.78,0.19,231.77,16.29,0.0,32.82,0.0
2007-03-16 20:00:00,1.74,0.09,237.04,7.48,0.0,12.7,0.0
2007-03-16 21:00:00,1.53,0.11,236.98,6.43,0.0,0.73,9.48
2007-03-16 22:00:00,1.9,0.05,237.86,7.96,0.0,0.0,16.73
2007-03-16 23:00:00,1.1,0.12,241.11,4.57,0.0,0.58,0.0
2007-03-17 00:00:00,0.51,0.06,239.84,2.17,0.0,0.0,0.0
2007-03-17 01:00:00,0.3,0.09,239.02,1.29,0.0,0.6,0.0
2007-03-17 02:00:00,0.28,0.05,240.1,1.19,0.0,0.0,0.0
2007-03-17 03:00:00,0.29,0.07,240.35,1.26,0.0,0.5,0.0
2007-03-17 04:00:00,0.27,0.05,239.66,1.18,0.0,0.08,0.0
2007-03-17 05:00:00,0.28,0.06,239.23,1.2,0.0,0.2,0.0
2007-03-17 06:00:00,0.63,0.07,239.3,2.66,0.0,0.37,5.65
2007-03-17 07:00:00,1.27,0.06,239.17,5.29,0.0,0.0,4.32
2007-03-17 08:00:00,1.78,0.1,237.38,7.48,0.0,0.58,5.1
2007-03-17 09:00:00,1.4,0.05,235.39,5.9,0.0,0.0,17.0
2007-03-17 10:00:00,1.7,0.12,234.97,7.23,0.0,0.57,16.93
2007-03-17 11:00:00,1.38,0.04,237.25,5.79,0.0,0.0,17.27
2007-03-17 12:00:00,1.53,0.15,237.59,6.49,0.0,0.58,14.55
2007-03-17 13:00:00,1.75,0.08,239.2,7.35,8.28,0.0,11.28
2007-03-17 14:00:00,1.49,0.09,239.5,6.2,1.17,0.25,17.58
2007-03-17 15:00:00,1.93,0.12,237.02,8.1,9.15,0.33,17.23
2007-03-17 16:00:00,0.85,0.09,239.0,3.58,0.0,0.0,5.18
2007-03-17 17:00:00,2.64,0.17,237.87,11.21,17.75,0.57,9.72
2007-03-17 18:00:00,2.11,0.06,236.12,8.88,0.45,0.0,17.1
2007-03-17 19:00:00,2.48,0.19,233.49,10.61,0.0,0.58,3.72
2007-03-17 20:00:00,4.13,0.07,235.05,17.53,0.0,0.0,10.87
2007-03-17 21:00:00,3.38,0.12,237.36,14.2,0.0,0.52,17.28
2007-03-17 22:00:00,1.11,0.07,240.15,4.62,0.0,0.07,13.8
2007-03-17 23:00:00,0.3,0.09,243.36,1.27,0.0,0.18,0.0
2007-03-18 00:00:00,0.32,0.12,241.22,1.38,0.0,0.4,0.0
2007-03-18 01:00:00,0.28,0.06,243.44,1.18,0.0,0.0,0.0
2007-03-18 02:00:00,0.33,0.14,244.74,1.48,0.0,0.58,0.0
2007-03-18 03:00:00,0.3,0.09,246.26,1.28,0.0,0.0,0.0
2007-03-18 04:00:00,0.32,0.12,245.92,1.44,0.0,0.6,0.0
2007-03-18 05:00:00,0.51,0.12,245.46,2.21,0.0,0.0,0.0
2007-03-18 06:00:00,1.7,0.28,243.97,7.05,0.0,0.38,9.63
2007-03-18 07:00:00,3.0,0.14,241.12,12.63,13.88,8.43,0.0
2007-03-18 08:00:00,3.1,0.25,240.18,13.08,9.95,17.7,0.75
2007-03-18 09:00:00,3.29,0.21,240.67,13.84,0.0,28.48,17.75
2007-03-18 10:00:00,3.58,0.31,236.68,15.32,24.87,11.9,12.6
2007-03-18 11:00:00,2.34,0.4,237.6,10.19,4.58,21.68,3.55
2007-03-18 12:00:00,1.92,0.14,238.06,8.11,0.55,0.4,17.37
2007-03-18 13:00:00,1.19,0.15,241.77,5.08,8.93,0.88,0.47
2007-03-18 14:00:00,0.98,0.12,244.84,4.19,9.15,0.35,0.0
2007-03-18 15:00:00,0.43,0.09,242.56,1.94,0.0,0.4,0.0
2007-03-18 16:00:00,0.41,0.11,241.84,1.77,0.0,0.6,0.0
2007-03-18 17:00:00,0.46,0.07,240.76,2.02,0.0,0.17,0.0
2007-03-18 18:00:00,2.45,0.21,237.63,10.52,5.08,7.12,11.57
2007-03-18 19:00:00,4.12,0.28,234.85,17.7,15.15,9.93,10.9
2007-03-18 20:00:00,3.22,0.33,236.68,13.81,9.57,10.43,0.0
2007-03-18 21:00:00,2.81,0.1,237.92,11.74,0.03,0.97,13.02
2007-03-18 22:00:00,1.35,0.11,238.68,5.62,0.0,1.25,0.0
2007-03-18 23:00:00,1.11,0.05,242.28,4.61,7.65,0.15,0.0
2007-03-19 00:00:00,0.89,0.11,239.86,3.81,9.33,0.82,0.0
2007-03-19 01:00:00,0.79,0.05,240.02,3.34,0.0,0.17,8.77
2007-03-19 02:00:00,0.34,0.13,243.63,1.53,0.0,0.82,0.0
2007-03-19 03:00:00,0.28,0.04,243.47,1.19,0.0,0.15,0.0
2007-03-19 04:00:00,0.29,0.06,242.57,1.24,0.0,0.32,0.0
2007-03-19 05:00:00,0.29,0.07,240.97,1.27,0.0,0.35,0.0
2007-03-19 06:00:00,1.18,0.05,243.75,4.96,0.0,0.0,5.03
2007-03-19 07:00:00,1.98,0.11,240.19,8.22,0.0,0.62,17.68
2007-03-19 08:00:00,1.89,0.05,238.89,7.95,0.0,0.0,17.5
2007-03-19 09:00:00,1.74,0.12,237.59,7.36,0.0,0.62,17.3
2007-03-19 10:00:00,1.62,0.05,239.91,6.81,0.0,0.0,17.63
2007-03-19 11:00:00,1.13,0.07,239.91,4.85,0.0,0.12,5.85
2007-03-19 12:00:00,0.48,0.12,240.4,2.1,0.0,0.5,0.0
2007-03-19 13:00:00,0.48,0.07,241.58,2.03,0.0,0.0,1.78
2007-03-19 14:00:00,1.84,0.18,240.04,7.68,0.0,0.6,17.68
2007-03-19 15:00:00,1.55,0.05,241.94,6.38,0.0,0.0,17.93
2007-03-19 16:00:00,1.53,0.1,242.67,6.26,0.0,0.42,18.03
2007-03-19 17:00:00,1.4,0.09,241.04,5.75,0.0,0.18,17.8
2007-03-19 18:00:00,1.46,0.05,238.65,6.09,0.0,0.0,17.47
2007-03-19 19:00:00,3.41,0.3,235.42,14.51,0.0,8.33,17.0
2007-03-19 20:00:00,4.1,0.21,236.82,17.34,5.52,13.03,17.2
2007-03-19 21:00:00,3.95,0.19,237.85,16.64,3.95,16.88,17.35
2007-03-19 22:00:00,2.09,0.06,239.02,8.73,8.67,0.6,3.28
2007-03-19 23:00:00,1.15,0.08,245.73,4.71,0.0,0.25,0.0
2007-03-20 00:00:00,0.31,0.11,244.04,1.35,0.0,0.42,0.0
2007-03-20 01:00:00,0.64,0.05,242.85,2.65,0.0,0.0,6.18
2007-03-20 02:00:00,0.61,0.11,245.88,2.53,0.0,0.58,4.9
2007-03-20 03:00:00,0.29,0.07,245.82,1.24,0.0,0.0,0.0
2007-03-20 04:00:00,0.3,0.09,244.7,1.27,0.0,0.57,0.0
2007-03-20 05:00:00,0.27,0.05,243.62,1.14,0.0,0.02,0.0
2007-03-20 06:00:00,1.03,0.09,245.18,4.35,0.0,0.0,5.3
2007-03-20 07:00:00,1.97,0.09,239.66,8.17,0.0,0.57,17.62
2007-03-20 08:00:00,2.52,0.06,235.83,10.64,0.0,0.0,17.07
2007-03-20 09:00:00,2.03,0.11,237.19,8.59,0.0,0.58,17.25
2007-03-20 10:00:00,2.33,0.06,237.27,9.93,11.2,0.0,17.27
2007-03-20 11:00:00,2.05,0.15,237.96,8.8,7.12,0.13,17.37
2007-03-20 12:00:00,1.64,0.1,241.05,6.84,0.0,0.43,17.8
2007-03-20 13:00:00,0.84,0.07,241.9,3.47,0.0,0.0,9.17
2007-03-20 14:00:00,0.32,0.13,244.16,1.48,0.0,0.58,0.0
2007-03-20 15:00:00,0.28,0.06,243.98,1.22,0.0,0.0,0.0
2007-03-20 16:00:00,0.4,0.13,243.41,1.77,0.0,0.25,0.0
2007-03-20 17:00:00,0.31,0.08,241.03,1.34,0.0,0.32,0.0
2007-03-20 18:00:00,1.0,0.11,238.95,4.29,5.47,0.0,0.0
2007-03-20 19:00:00,3.19,0.39,235.93,13.87,19.03,9.13,0.0
2007-03-20 20:00:00,2.29,0.21,236.71,9.73,0.67,0.55,5.77
2007-03-20 21:00:00,5.29,0.2,234.85,22.55,9.1,19.23,16.92
2007-03-20 22:00:00,3.42,0.16,236.35,14.58,9.83,13.3,17.15
2007-03-20 23:00:00,1.42,0.06,241.26,5.85,0.0,0.62,17.83
2007-03-21 00:00:00,1.4,0.09,241.72,5.73,0.0,0.72,17.9
2007-03-21 01:00:00,1.36,0.06,240.72,5.6,0.0,0.22,17.75
2007-03-21 02:00:00,0.47,0.06,244.45,1.98,0.0,0.27,3.03
2007-03-21 03:00:00,0.32,0.1,244.86,1.39,0.0,0.67,0.0
2007-03-21 04:00:00,0.28,0.06,246.16,1.21,0.0,0.17,0.0
2007-03-21 05:00:00,0.32,0.1,245.22,1.37,0.0,0.72,0.0
2007-03-21 06:00:00,0.63,0.06,242.4,2.71,0.0,0.0,0.0
2007-03-21 07:00:00,1.27,0.08,239.52,5.35,0.0,0.32,7.48
2007-03-21 08:00:00,1.56,0.07,237.64,6.53,0.0,0.27,17.32
2007-03-21 09:00:00,1.33,0.05,239.16,5.49,0.0,0.0,17.55
2007-03-21 10:00:00,1.42,0.11,237.74,5.94,0.0,0.55,17.32
2007-03-21 11:00:00,1.87,0.17,236.79,7.91,0.0,0.0,17.2
2007-03-21 12:00:00,2.43,0.18,238.15,10.23,13.92,0.43,17.4
2007-03-21 13:00:00,1.75,0.13,240.0,7.3,2.92,0.12,17.65
2007-03-21 14:00:00,1.41,0.05,244.54,5.69,0.0,0.0,18.32
2007-03-21 15:00:00,1.21,0.17,244.21,5.03,0.0,6.02,7.2
2007-03-21 16:00:00,0.86,0.08,244.07,3.56,0.0,1.48,0.0
2007-03-21 17:00:00,1.88,0.13,241.42,7.83,0.0,17.93,0.0
2007-03-21 18:00:00,1.03,0.11,240.06,4.44,0.0,10.17,0.0
2007-03-21 19:00:00,3.04,0.11,234.68,12.97,0.0,0.93,10.58
2007-03-21 20:00:00,2.53,0.12,237.86,10.75,0.0,0.42,2.6
2007-03-21 21:00:00,1.91,0.07,238.9,8.06,0.0,1.73,0.0
2007-03-21 22:00:00,2.91,0.12,240.07,12.16,9.42,6.8,10.4
2007-03-21 23:00:00,2.53,0.1,243.34,10.49,4.83,18.97,5.88
2007-03-22 00:00:00,2.07,0.13,242.53,8.56,5.88,5.63,18.02
2007-03-22 01:00:00,0.57,0.07,242.95,2.37,0.0,0.62,4.25
2007-03-22 02:00:00,0.3,0.09,246.41,1.3,0.0,0.78,0.0
2007-03-22 03:00:00,0.29,0.06,246.73,1.2,0.0,0.17,0.0
2007-03-22 04:00:00,0.28,0.06,245.46,1.2,0.0,0.4,0.0
2007-03-22 05:00:00,0.3,0.08,245.36,1.27,0.0,0.53,0.0
2007-03-22 06:00:00,1.3,0.06,243.47,5.45,0.0,0.17,4.12
2007-03-22 07:00:00,2.28,0.1,239.34,9.52,0.0,0.65,17.55
2007-03-22 08:00:00,1.61,0.09,241.05,6.62,0.0,0.0,17.82
2007-03-22 09:00:00,1.37,0.1,240.43,5.68,0.0,0.52,17.72
2007-03-22 10:00:00,1.33,0.08,238.94,5.48,0.0,0.03,17.5
2007-03-22 11:00:00,1.27,0.06,239.13,5.28,0.0,0.0,16.25
2007-03-22 12:00:00,0.29,0.08,242.38,1.25,0.0,0.55,0.0
2007-03-22 13:00:00,0.29,0.06,243.29,1.24,0.0,0.0,0.0
2007-03-22 14:00:00,0.45,0.09,244.92,1.97,0.0,0.57,0.0
2007-03-22 15:00:00,0.35,0.08,243.71,1.46,0.0,0.0,0.0
2007-03-22 16:00:00,0.46,0.1,243.87,1.97,0.0,0.23,0.0
2007-03-22 17:00:00,0.92,0.07,242.68,3.76,0.0,0.32,10.5
2007-03-22 18:00:00,0.57,0.08,242.55,2.4,0.0,0.0,2.17
2007-03-22 19:00:00,1.55,0.09,235.56,6.59,0.0,0.55,0.0
2007-03-22 20:00:00,0.38,0.06,236.48,1.68,0.0,0.0,0.0
2007-03-22 21:00:00,2.59,0.07,235.7,11.0,0.0,0.5,13.25
2007-03-22 22:00:00,2.0,0.06,237.24,8.39,0.0,0.05,17.27
2007-03-22 23:00:00,1.4,0.07,242.14,5.71,0.0,0.0,17.97
2007-03-23 00:00:00,1.39,0.08,242.99,5.64,0.0,0.55,18.08
2007-03-23 01:00:00,0.98,0.06,242.89,3.97,0.0,0.0,11.8
2007-03-23 02:00:00,0.29,0.09,245.36,1.23,0.0,0.57,0.0
2007-03-23 03:00:00,0.27,0.06,245.55,1.11,0.0,0.0,0.0
2007-03-23 04:00:00,0.27,0.06,244.32,1.1,0.0,0.07,0.0
2007-03-23 05:00:00,0.28,0.07,243.48,1.14,0.0,0.48,0.0
2007-03-23 06:00:00,1.22,0.07,243.47,5.02,0.0,0.0,11.27
2007-03-23 07:00:00,1.97,0.13,240.51,8.22,0.0,0.55,17.73
2007-03-23 08:00:00,1.31,0.04,238.89,5.38,0.0,0.0,17.5
2007-03-23 09:00:00,1.34,0.08,237.25,5.58,0.0,0.27,17.27
2007-03-23 10:00:00,0.58,0.07,238.63,2.42,0.0,0.28,5.03
2007-03-23 11:00:00,0.27,0.06,242.73,1.14,0.0,0.0,0.0
2007-03-23 12:00:00,0.32,0.13,243.42,1.37,0.0,0.57,0.0
2007-03-23 13:00:00,0.26,0.05,243.42,1.05,0.0,0.0,0.0
2007-03-23 14:00:00,0.31,0.12,243.52,1.36,0.0,0.4,0.0
2007-03-23 15:00:00,0.29,0.1,245.23,1.26,0.0,0.17,0.0
2007-03-23 16:00:00,0.54,0.06,245.38,2.16,0.0,0.0,0.0
2007-03-23 17:00:00,0.75,0.13,243.37,3.12,0.0,0.57,1.72
2007-03-23 18:00:00,1.4,0.12,238.92,5.84,0.0,0.0,9.52
2007-03-23 19:00:00,1.61,0.19,235.41,6.94,0.0,0.5,0.0
2007-03-23 20:00:00,2.17,0.05,236.01,9.23,8.85,0.07,13.27
2007-03-23 21:00:00,1.52,0.05,237.68,6.46,1.18,0.0,11.58
2007-03-23 22:00:00,1.74,0.06,238.64,7.45,8.75,3.18,4.72
2007-03-23 23:00:00,0.75,0.06,242.42,3.11,0.0,4.73,0.0
2007-03-24 00:00:00,0.28,0.07,242.16,1.18,0.0,0.58,0.0
2007-03-24 01:00:00,0.76,0.07,241.3,3.12,0.0,0.0,8.03
2007-03-24 02:00:00,0.41,0.05,245.44,1.67,0.0,0.0,2.48
2007-03-24 03:00:00,0.28,0.08,245.59,1.18,0.0,0.57,0.0
2007-03-24 04:00:00,0.27,0.06,243.91,1.14,0.0,0.0,0.0
2007-03-24 05:00:00,0.29,0.1,243.59,1.27,0.0,0.58,0.0
2007-03-24 06:00:00,0.25,0.03,242.39,0.98,0.0,0.0,0.0
2007-03-24 07:00:00,0.98,0.06,239.76,4.17,0.0,0.0,6.48
2007-03-24 08:00:00,1.54,0.09,238.35,6.55,0.0,9.28,8.55
2007-03-24 09:00:00,2.52,0.1,237.89,10.61,0.0,13.23,17.37
2007-03-24 10:00:00,1.98,0.23,239.09,8.29,0.0,1.08,17.52
2007-03-24 11:00:00,1.65,0.14,238.98,6.89,0.0,0.17,17.52
2007-03-24 12:00:00,2.13,0.29,237.67,9.03,0.0,8.42,17.32
2007-03-24 13:00:00,1.96,0.13,239.61,8.18,0.0,3.77,17.6
2007-03-24 14:00:00,2.63,0.12,241.64,10.96,10.92,5.48,17.9
2007-03-24 15:00:00,3.25,0.17,240.9,13.58,10.18,14.63,17.78
2007-03-24 16:00:00,2.48,0.13,241.69,10.31,0.0,7.1,17.9
2007-03-24 17:00:00,2.41,0.09,239.44,10.06,0.0,0.85,17.58
2007-03-24 18:00:00,3.02,0.13,238.23,12.78,0.0,4.77,17.4
2007-03-24 19:00:00,5.02,0.21,231.42,21.7,0.78,23.75,16.43
2007-03-24 20:00:00,3.89,0.31,233.52,16.73,14.33,1.1,16.75
2007-03-24 21:00:00,3.24,0.19,234.66,13.8,5.85,0.3,16.88
2007-03-24 22:00:00,4.12,0.24,236.79,17.45,9.52,0.78,4.03
2007-03-24 23:00:00,4.14,0.09,238.88,17.27,10.2,0.17,17.5
2007-03-25 00:00:00,2.38,0.09,238.87,9.88,0.0,0.58,0.5
2007-03-25 01:00:00,2.32,0.1,237.24,9.72,0.0,0.35,0.0
2007-03-25 02:00:00,2.36,0.07,240.84,9.73,0.0,0.17,0.0
2007-03-25 03:00:00,2.36,0.07,240.93,9.72,0.0,0.17,0.0
2007-03-25 04:00:00,2.39,0.1,241.42,9.82,0.0,0.6,0.0
2007-03-25 05:00:00,2.5,0.06,240.71,10.33,0.0,0.0,0.0
2007-03-25 06:00:00,2.9,0.08,240.51,11.98,0.0,0.58,0.0
2007-03-25 07:00:00,2.32,0.05,239.0,9.64,0.0,0.0,0.0
2007-03-25 08:00:00,2.88,0.07,240.26,11.9,0.0,0.22,8.77
2007-03-25 09:00:00,2.68,0.17,239.08,11.2,0.0,0.35,0.0
2007-03-25 10:00:00,2.06,0.11,236.91,8.63,0.0,0.0,8.5
2007-03-25 11:00:00,0.68,0.14,239.89,3.0,0.0,0.57,4.17
2007-03-25 12:00:00,1.87,0.35,240.56,8.07,18.3,0.0,0.0
2007-03-25 13:00:00,1.78,0.35,243.99,7.5,6.0,0.48,13.35
2007-03-25 14:00:00,2.5,0.31,244.38,10.37,8.42,5.3,15.6
2007-03-25 15:00:00,1.82,0.28,243.93,7.57,1.83,2.73,14.63
2007-03-25 16:00:00,2.25,0.29,242.37,9.52,8.53,18.27,0.0
2007-03-25 17:00:00,0.35,0.1,243.03,1.53,0.0,0.02,0.0
2007-03-25 18:00:00,1.25,0.25,240.24,5.46,0.0,4.73,4.07
2007-03-25 19:00:00,3.74,0.25,235.69,16.04,16.67,3.05,17.05
2007-03-25 20:00:00,4.45,0.2,235.5,18.97,7.5,15.17,17.02
2007-03-25 21:00:00,3.52,0.15,237.66,14.83,5.17,5.48,17.32
2007-03-25 22:00:00,2.82,0.18,236.3,11.94,4.75,1.18,17.13
2007-03-25 23:00:00,1.43,0.11,241.52,5.88,0.0,0.0,17.87
2007-03-26 00:00:00,1.26,0.12,241.23,5.22,0.0,0.58,15.82
2007-03-26 01:00:00,0.3,0.1,243.1,1.31,0.0,0.0,0.0
2007-03-26 02:00:00,0.33,0.15,247.15,1.49,0.0,0.5,0.0
2007-03-26 03:00:00,0.27,0.07,245.55,1.22,0.0,0.08,0.0
2007-03-26 04:00:00,0.28,0.07,244.19,1.19,0.0,0.0,0.0
2007-03-26 05:00:00,0.32,0.14,241.88,1.51,0.0,0.57,0.0
2007-03-26 06:00:00,0.58,0.07,243.25,2.56,0.0,0.0,0.95
2007-03-26 07:00:00,2.56,0.14,240.33,10.62,0.0,0.55,17.72
2007-03-26 08:00:00,1.58,0.07,239.37,6.54,0.0,0.0,17.57
2007-03-26 09:00:00,1.87,0.13,239.12,7.85,0.0,0.18,17.53
2007-03-26 10:00:00,1.6,0.09,239.4,6.78,0.0,0.38,17.57
2007-03-26 11:00:00,1.57,0.06,238.68,6.63,0.0,0.0,17.45
2007-03-26 12:00:00,1.0,0.12,239.16,4.43,0.0,0.57,6.3
2007-03-26 13:00:00,1.27,0.17,240.85,5.35,0.0,0.0,12.52
2007-03-26 14:00:00,0.88,0.12,244.08,3.74,0.0,0.45,9.47
2007-03-26 15:00:00,0.29,0.09,244.0,1.31,0.0,0.13,0.0
2007-03-26 16:00:00,0.31,0.11,244.84,1.39,0.0,0.0,0.0
2007-03-26 17:00:00,0.32,0.14,241.8,1.43,0.0,0.58,0.0
2007-03-26 18:00:00,0.38,0.11,239.71,1.69,0.0,0.0,0.0
2007-03-26 19:00:00,0.92,0.27,237.72,4.03,0.0,0.58,0.0
2007-03-26 20:00:00,2.17,0.09,235.37,9.22,6.97,0.0,9.58
2007-03-26 21:00:00,1.77,0.08,236.79,7.51,2.47,0.33,9.13
2007-03-26 22:00:00,1.38,0.07,241.29,5.76,8.7,0.23,0.0
2007-03-26 23:00:00,0.39,0.09,243.23,1.63,0.0,0.0,0.0
2007-03-27 00:00:00,0.31,0.1,239.64,1.37,0.0,0.58,0.0
2007-03-27 01:00:00,0.26,0.05,237.99,1.17,0.0,0.0,0.0
2007-03-27 02:00:00,0.47,0.11,241.96,2.03,0.0,0.57,2.5
2007-03-27 03:00:00,0.73,0.06,241.5,3.08,0.0,0.0,7.63
2007-03-27 04:00:00,0.29,0.08,241.52,1.3,0.0,0.23,0.0
2007-03-27 05:00:00,0.28,0.07,240.2,1.24,0.0,0.33,0.0
2007-03-27 06:00:00,0.59,0.08,241.76,2.63,0.0,0.0,0.0
2007-03-27 07:00:00,1.28,0.13,240.74,5.37,0.0,0.57,7.53
2007-03-27 08:00:00,1.33,0.05,238.9,5.48,0.0,0.0,17.48
2007-03-27 09:00:00,0.49,0.09,238.83,2.1,0.0,0.52,3.13
2007-03-27 10:00:00,0.28,0.07,239.73,1.24,0.0,0.05,0.0
2007-03-27 11:00:00,0.28,0.07,239.83,1.26,0.0,0.03,0.0
2007-03-27 12:00:00,0.3,0.1,241.85,1.29,0.0,0.53,0.0
2007-03-27 13:00:00,0.27,0.06,244.14,1.18,0.0,0.0,0.0
2007-03-27 14:00:00,0.33,0.14,245.67,1.46,0.0,0.58,0.0
2007-03-27 15:00:00,0.29,0.09,244.68,1.27,0.0,0.0,0.0
2007-03-27 16:00:00,0.41,0.09,242.44,1.78,0.0,0.47,1.77
2007-03-27 17:00:00,0.81,0.06,241.11,3.38,0.0,0.12,8.85
2007-03-27 18:00:00,0.48,0.15,239.34,2.13,0.0,0.03,0.0
2007-03-27 19:00:00,1.58,0.33,238.08,6.84,0.0,10.18,0.0
2007-03-27 20:00:00,2.87,0.11,234.12,12.43,0.0,12.62,7.98
2007-03-27 21:00:00,2.9,0.16,236.26,12.42,0.0,21.75,4.73
2007-03-27 22:00:00,1.22,0.15,241.38,5.09,0.0,0.62,0.0
2007-03-27 23:00:00,0.34,0.13,242.78,1.55,0.0,0.53,0.0
2007-03-28 00:00:00,0.29,0.09,243.1,1.3,0.0,0.45,0.0
2007-03-28 01:00:00,0.92,0.06,240.63,3.88,0.0,0.23,10.7
2007-03-28 02:00:00,0.35,0.16,243.39,1.61,0.0,0.72,0.0
2007-03-28 03:00:00,0.28,0.06,243.96,1.26,0.0,0.17,0.0
2007-03-28 04:00:00,0.31,0.11,242.71,1.43,0.0,0.78,0.0
2007-03-28 05:00:00,0.28,0.08,242.1,1.28,0.0,0.0,0.0
2007-03-28 06:00:00,1.22,0.14,240.97,5.06,0.0,0.6,9.72
2007-03-28 07:00:00,2.41,0.08,239.36,10.12,0.3,0.0,17.57
2007-03-28 08:00:00,2.11,0.1,239.15,8.82,8.83,0.33,17.53
2007-03-28 09:00:00,1.93,0.13,237.84,8.15,9.57,0.25,17.35
2007-03-28 10:00:00,1.36,0.06,237.89,5.64,0.0,0.0,17.33
2007-03-28 11:00:00,1.9,0.12,238.23,8.0,0.0,8.85,17.4
2007-03-28 12:00:00,1.41,0.1,240.29,5.83,0.0,0.37,17.7
2007-03-28 13:00:00,2.38,0.15,241.06,9.91,0.0,15.4,17.8
2007-03-28 14:00:00,3.33,0.13,242.61,13.81,0.0,32.33,18.02
2007-03-28 15:00:00,2.2,0.21,242.24,9.18,0.0,9.43,17.97
2007-03-28 16:00:00,3.13,0.16,240.38,13.09,0.0,30.8,15.78
2007-03-28 17:00:00,0.86,0.19,242.33,3.83,0.0,9.27,0.0
2007-03-28 18:00:00,0.39,0.1,241.04,1.73,0.0,0.07,0.0
2007-03-28 19:00:00,2.68,0.36,235.17,11.57,0.0,8.08,4.55
2007-03-28 20:00:00,2.75,0.23,233.76,11.82,0.0,0.0,8.22
2007-03-28 21:00:00,4.09,0.19,236.15,17.36,0.0,17.47,13.8
2007-03-28 22:00:00,1.92,0.1,241.69,8.05,0.0,5.2,10.03
2007-03-28 23:00:00,0.39,0.19,244.63,1.78,0.0,1.32,0.0
2007-03-29 00:00:00,0.31,0.11,243.76,1.37,0.0,0.17,0.0
2007-03-29 01:00:00,0.34,0.15,243.48,1.57,0.0,0.82,0.0
2007-03-29 02:00:00,0.31,0.1,245.02,1.36,0.0,0.17,0.0
2007-03-29 03:00:00,0.34,0.15,244.09,1.56,0.0,0.82,0.0
2007-03-29 04:00:00,0.31,0.1,242.91,1.35,0.0,0.17,0.0
2007-03-29 05:00:00,0.89,0.1,241.26,3.72,0.0,0.62,9.72
2007-03-29 06:00:00,1.56,0.13,240.93,6.59,0.0,0.08,10.25
2007-03-29 07:00:00,2.21,0.12,237.43,9.27,0.0,0.23,17.28
2007-03-29 08:00:00,1.39,0.14,238.01,5.79,0.0,0.4,17.35
2007-03-29 09:00:00,1.34,0.07,239.13,5.54,0.0,0.0,17.53
2007-03-29 10:00:00,0.72,0.15,238.95,3.12,0.0,0.58,6.45
2007-03-29 11:00:00,0.29,0.09,238.19,1.27,0.0,0.0,0.0
2007-03-29 12:00:00,0.33,0.14,241.48,1.52,0.0,0.6,0.0
2007-03-29 13:00:00,0.3,0.09,242.7,1.29,0.0,0.0,0.0
2007-03-29 14:00:00,0.33,0.14,241.84,1.48,0.0,0.48,0.0
2007-03-29 15:00:00,0.3,0.09,238.84,1.3,0.0,0.12,0.0
2007-03-29 16:00:00,0.3,0.09,242.22,1.32,0.0,0.12,0.0
2007-03-29 17:00:00,0.66,0.13,240.44,2.84,0.0,0.48,3.82
2007-03-29 18:00:00,1.8,0.2,238.63,7.54,0.0,0.0,17.47
2007-03-29 19:00:00,2.61,0.3,238.77,10.94,0.0,0.6,17.47
2007-03-29 20:00:00,3.02,0.27,236.91,12.74,0.32,0.0,17.2
2007-03-29 21:00:00,3.37,0.24,237.59,14.18,9.02,0.88,17.3
2007-03-29 22:00:00,2.63,0.13,238.41,11.03,10.03,0.33,17.43
2007-03-29 23:00:00,0.86,0.08,241.89,3.56,0.0,0.0,9.47
2007-03-30 00:00:00,0.35,0.18,242.62,1.58,0.0,0.87,0.0
2007-03-30 01:00:00,0.31,0.12,243.44,1.38,0.0,0.17,0.0
2007-03-30 02:00:00,0.3,0.11,244.3,1.34,0.0,0.0,0.0
2007-03-30 03:00:00,0.35,0.18,243.82,1.63,0.0,0.82,0.0
2007-03-30 04:00:00,0.3,0.1,242.89,1.3,0.0,0.27,0.0
2007-03-30 05:00:00,0.3,0.09,241.63,1.32,0.0,0.0,0.0
2007-03-30 06:00:00,1.13,0.14,242.0,4.81,0.0,0.45,4.7
2007-03-30 07:00:00,2.51,0.2,237.47,10.57,0.0,0.57,17.3
2007-03-30 08:00:00,2.01,0.11,238.37,8.37,0.0,0.0,17.42
2007-03-30 09:00:00,1.4,0.09,237.29,5.91,0.0,0.03,17.27
2007-03-30 10:00:00,1.48,0.18,237.73,6.35,0.0,0.92,11.42
2007-03-30 11:00:00,0.55,0.09,239.53,2.65,0.0,0.0,0.0
2007-03-30 12:00:00,0.93,0.09,241.05,4.05,0.0,0.0,5.4
2007-03-30 13:00:00,1.54,0.17,240.74,6.4,0.0,0.95,17.75
2007-03-30 14:00:00,0.94,0.11,243.52,3.87,0.0,0.08,10.35
2007-03-30 15:00:00,0.3,0.1,244.46,1.31,0.0,0.0,0.0
2007-03-30 16:00:00,0.32,0.13,243.44,1.41,0.0,0.47,0.0
2007-03-30 17:00:00,0.47,0.17,243.52,2.16,0.0,0.53,0.0
2007-03-30 18:00:00,0.35,0.08,243.88,1.56,0.0,0.0,0.0
2007-03-30 19:00:00,1.01,0.13,239.96,4.33,0.0,0.0,0.0
2007-03-30 20:00:00,2.21,0.15,235.61,9.5,8.35,1.0,12.2
2007-03-30 21:00:00,2.18,0.06,236.24,9.31,1.18,0.0,17.12
2007-03-30 22:00:00,1.59,0.06,238.17,6.91,8.7,0.0,6.03
2007-03-30 23:00:00,0.56,0.19,243.24,2.54,0.0,0.68,0.0
2007-03-31 00:00:00,0.37,0.11,244.06,1.71,0.0,0.32,0.0
2007-03-31 01:00:00,0.36,0.08,243.35,1.65,0.0,0.0,0.0
2007-03-31 02:00:00,1.61,0.12,242.81,6.73,0.0,0.12,9.25
2007-03-31 03:00:00,2.46,0.13,240.03,10.19,0.0,0.85,0.0
2007-03-31 04:00:00,2.41,0.05,240.15,9.98,0.0,0.0,0.0
2007-03-31 05:00:00,2.42,0.08,239.05,10.09,0.0,0.0,0.0
2007-03-31 06:00:00,2.48,0.13,240.97,10.26,0.0,0.78,0.0
2007-03-31 07:00:00,2.99,0.08,238.89,12.57,0.0,0.17,9.88
2007-03-31 08:00:00,2.35,0.12,237.4,10.01,0.0,8.4,14.25
2007-03-31 09:00:00,2.03,0.1,236.24,8.67,0.0,1.82,17.12
2007-03-31 10:00:00,5.16,0.52,234.16,22.24,25.08,26.3,16.82
2007-03-31 11:00:00,1.86,0.17,238.58,7.82,0.03,4.15,17.47
2007-03-31 12:00:00,1.51,0.08,239.5,6.28,0.0,0.62,17.58
2007-03-31 13:00:00,1.72,0.2,239.22,7.22,0.0,0.67,17.53
2007-03-31 14:00:00,2.29,0.17,240.64,9.59,8.28,0.72,17.75
2007-03-31 15:00:00,2.57,0.14,239.68,10.79,2.75,9.17,17.62
2007-03-31 16:00:00,2.21,0.12,239.0,9.27,7.33,1.92,17.5
2007-03-31 17:00:00,2.05,0.17,239.16,8.61,0.0,6.87,17.53
2007-03-31 18:00:00,4.06,0.1,237.53,17.09,0.0,24.93,17.3
2007-03-31 19:00:00,3.47,0.29,237.76,14.66,0.0,11.02,17.33
2007-03-31 20:00:00,4.77,0.41,235.5,20.31,0.0,27.07,17.02
2007-03-31 21:00:00,2.56,0.29,237.71,10.78,0.0,1.07,17.32
2007-03-31 22:00:00,2.31,0.09,239.8,9.57,0.0,0.6,17.63
2007-03-31 23:00:00,2.48,0.13,241.06,10.25,0.18,0.92,17.8
2007-04-01 00:00:00,2.32,0.13,240.45,9.64,8.45,0.52,17.72
2007-04-01 01:00:00,1.97,0.06,239.55,8.21,9.67,0.0,17.58
2007-04-01 02:00:00,1.77,0.11,242.69,7.3,0.0,0.7,18.05
2007-04-01 03:00:00,1.16,0.09,243.22,4.78,0.0,0.35,12.95
2007-04-01 04:00:00,0.29,0.06,243.37,1.25,0.0,0.0,0.0
2007-04-01 05:00:00,0.3,0.09,242.48,1.28,0.0,0.62,0.0
2007-04-01 06:00:00,0.32,0.12,243.61,1.42,0.0,0.4,0.0
2007-04-01 07:00:00,0.92,0.05,244.03,3.84,0.0,0.0,5.5
2007-04-01 08:00:00,2.38,0.13,241.27,9.9,0.0,0.45,17.83
2007-04-01 09:00:00,1.65,0.11,239.63,6.86,0.0,0.5,17.6
2007-04-01 10:00:00,1.89,0.05,239.46,7.93,0.0,0.0,17.58
2007-04-01 11:00:00,1.82,0.08,238.06,7.71,0.0,0.23,17.37
2007-04-01 12:00:00,1.57,0.15,238.7,6.62,0.0,0.72,15.4
2007-04-01 13:00:00,1.39,0.06,240.32,5.76,0.0,0.0,17.7
2007-04-01 14:00:00,1.46,0.06,242.76,5.99,0.0,0.0,18.05
2007-04-01 15:00:00,1.47,0.13,241.89,6.03,0.0,0.97,17.93
2007-04-01 16:00:00,0.35,0.08,239.75,1.48,0.0,0.0,0.07
2007-04-01 17:00:00,3.86,0.24,234.44,16.6,30.68,14.17,10.07
2007-04-01 18:00:00,3.6,0.36,235.54,15.5,10.38,20.08,17.02
2007-04-01 19:00:00,3.31,0.32,234.45,14.28,0.0,20.58,16.87
2007-04-01 20:00:00,2.21,0.19,236.56,9.43,0.0,1.32,17.15
2007-04-01 21:00:00,3.95,0.28,237.79,16.66,0.08,7.68,17.33
2007-04-01 22:00:00,4.24,0.25,238.74,17.89,8.48,19.13,17.48
2007-04-01 23:00:00,2.22,0.2,241.8,9.2,9.4,1.6,17.9
2007-04-02 00:00:00,1.38,0.08,242.08,5.65,0.0,0.17,17.95
2007-04-02 01:00:00,1.37,0.06,241.87,5.59,0.0,0.3,17.92
2007-04-02 02:00:00,0.79,0.17,244.22,3.3,0.0,1.13,7.25
2007-04-02 03:00:00,0.29,0.08,244.03,1.26,0.0,0.17,0.0
2007-04-02 04:00:00,0.28,0.06,244.2,1.22,0.0,0.22,0.0
2007-04-02 05:00:00,0.34,0.16,242.88,1.51,0.0,1.13,0.0
2007-04-02 06:00:00,0.65,0.06,243.95,2.77,0.0,0.0,0.0
2007-04-02 07:00:00,2.06,0.11,242.15,8.54,0.0,0.0,14.92
2007-04-02 08:00:00,1.85,0.17,238.11,7.82,0.0,0.95,17.38
2007-04-02 09:00:00,1.48,0.08,236.88,6.22,0.0,0.0,17.2
2007-04-02 10:00:00,1.31,0.09,237.14,5.5,0.0,0.0,17.25
2007-04-02 11:00:00,1.37,0.14,237.48,5.76,0.0,0.98,17.28
2007-04-02 12:00:00,1.32,0.06,238.85,5.47,0.0,0.0,17.48
2007-04-02 13:00:00,1.43,0.1,239.51,5.96,0.0,0.0,17.58
2007-04-02 14:00:00,1.42,0.16,242.18,5.83,0.0,0.9,17.95
2007-04-02 15:00:00,0.57,0.07,242.44,2.39,0.0,0.1,5.08
2007-04-02 16:00:00,0.29,0.09,242.27,1.26,0.0,0.0,0.0
2007-04-02 17:00:00,0.33,0.14,240.48,1.43,0.0,0.77,0.0
2007-04-02 18:00:00,0.65,0.08,240.35,2.73,0.0,0.22,5.27
2007-04-02 19:00:00,2.42,0.19,238.52,10.18,12.55,0.0,17.45
2007-04-02 20:00:00,2.57,0.31,236.22,10.94,0.0,0.87,17.1
2007-04-02 21:00:00,3.14,0.18,234.86,13.34,0.13,2.8,16.93
2007-04-02 22:00:00,3.36,0.1,238.91,14.13,7.58,4.7,17.48
2007-04-02 23:00:00,2.01,0.15,241.46,8.3,8.98,0.77,17.87
2007-04-03 00:00:00,0.33,0.08,240.43,1.4,0.0,0.32,0.65
2007-04-03 01:00:00,0.29,0.09,241.58,1.33,0.0,0.0,0.0
2007-04-03 02:00:00,0.32,0.13,243.91,1.44,0.0,0.58,0.0
2007-04-03 03:00:00,0.3,0.1,242.6,1.27,0.0,0.48,0.0
2007-04-03 04:00:00,0.29,0.08,241.95,1.28,0.0,0.0,0.0
2007-04-03 05:00:00,0.3,0.1,241.18,1.35,0.0,0.32,0.0
2007-04-03 06:00:00,0.67,0.11,240.0,2.87,0.0,0.73,2.85
2007-04-03 07:00:00,3.15,0.15,237.47,13.27,0.0,0.0,17.3
2007-04-03 08:00:00,1.41,0.08,239.06,5.83,0.0,0.2,17.52
2007-04-03 09:00:00,1.38,0.12,237.59,5.78,0.0,0.83,17.3
2007-04-03 10:00:00,1.38,0.07,239.56,5.66,0.0,0.0,17.58
2007-04-03 11:00:00,1.23,0.06,239.67,5.08,0.0,0.0,15.9
2007-04-03 12:00:00,0.35,0.18,241.6,1.62,0.0,1.03,0.0
2007-04-03 13:00:00,0.28,0.07,241.67,1.21,0.0,0.0,0.0
2007-04-03 14:00:00,0.28,0.07,242.84,1.21,0.0,0.0,0.0
2007-04-03 15:00:00,0.36,0.18,243.02,1.61,0.0,0.88,0.0
2007-04-03 16:00:00,0.28,0.08,242.12,1.24,0.0,0.13,0.0
2007-04-03 17:00:00,0.3,0.07,242.72,1.31,0.0,0.0,0.0
2007-04-03 18:00:00,1.48,0.21,240.65,6.37,14.53,0.62,2.27
2007-04-03 19:00:00,4.57,0.23,234.39,19.68,23.65,8.95,10.65
2007-04-03 20:00:00,1.83,0.15,235.44,7.84,3.02,1.23,0.0
2007-04-03 21:00:00,2.31,0.12,237.67,9.72,0.35,0.13,5.22
2007-04-03 22:00:00,3.17,0.2,240.24,13.22,8.95,0.92,17.7
2007-04-03 23:00:00,1.12,0.1,244.75,4.73,10.0,0.0,2.35
2007-04-04 00:00:00,0.29,0.09,243.96,1.32,0.0,0.0,0.0
2007-04-04 01:00:00,0.33,0.15,241.54,1.48,0.0,1.05,0.0
2007-04-04 02:00:00,0.29,0.08,243.08,1.28,0.0,0.0,0.0
2007-04-04 03:00:00,0.27,0.05,242.06,1.17,0.0,0.0,0.0
2007-04-04 04:00:00,0.32,0.12,241.32,1.44,0.0,0.65,0.0
2007-04-04 05:00:00,0.28,0.08,240.6,1.2,0.0,0.38,0.0
2007-04-04 06:00:00,1.35,0.09,239.33,5.67,0.0,0.0,11.2
2007-04-04 07:00:00,1.9,0.07,239.25,7.93,0.0,0.15,17.53
2007-04-04 08:00:00,1.97,0.19,239.5,8.28,0.0,0.88,17.6
2007-04-04 09:00:00,1.47,0.06,240.25,6.1,0.0,0.0,17.68
2007-04-04 10:00:00,1.31,0.05,237.33,5.43,0.0,0.0,17.27
2007-04-04 11:00:00,1.46,0.15,239.1,6.06,0.0,0.85,17.53
2007-04-04 12:00:00,1.63,0.16,239.96,6.82,0.0,0.12,17.65
2007-04-04 13:00:00,1.43,0.1,239.61,5.96,0.0,0.0,17.6
2007-04-04 14:00:00,2.09,0.15,239.98,8.72,10.8,0.4,17.65
2007-04-04 15:00:00,2.74,0.24,239.96,11.6,19.98,0.58,17.65
2007-04-04 16:00:00,2.19,0.14,241.38,9.08,9.07,0.0,17.85
2007-04-04 17:00:00,0.35,0.09,242.12,1.54,0.0,0.0,0.12
2007-04-04 18:00:00,1.46,0.16,239.93,6.11,0.0,0.97,11.87
2007-04-04 19:00:00,1.96,0.09,237.7,8.34,0.0,0.0,14.1
2007-04-04 20:00:00,1.5,0.13,237.38,6.51,0.0,0.0,2.55
2007-04-04 21:00:00,3.8,0.12,236.5,16.05,7.8,0.8,17.15
2007-04-04 22:00:00,2.43,0.24,241.76,10.06,6.5,0.17,1.5
2007-04-04 23:00:00,1.36,0.07,244.35,5.52,3.08,0.0,11.3
2007-04-05 00:00:00,0.32,0.12,243.77,1.38,0.0,0.45,0.0
2007-04-05 01:00:00,0.3,0.11,244.2,1.3,0.0,0.53,0.0
2007-04-05 02:00:00,0.28,0.07,244.28,1.19,0.0,0.0,0.0
2007-04-05 03:00:00,0.27,0.05,241.47,1.12,0.0,0.0,0.0
2007-04-05 04:00:00,0.33,0.14,241.25,1.42,0.0,0.95,0.0
2007-04-05 05:00:00,0.28,0.07,241.8,1.18,0.0,0.0,0.0
2007-04-05 06:00:00,0.59,0.05,242.79,2.52,0.0,0.0,4.02
2007-04-05 07:00:00,2.84,0.15,238.59,11.95,0.0,0.83,17.45
2007-04-05 08:00:00,1.91,0.1,238.9,8.03,0.0,5.62,17.5
2007-04-05 09:00:00,1.55,0.08,240.64,6.4,0.0,1.33,17.75
2007-04-05 10:00:00,1.72,0.12,239.29,7.18,0.0,4.63,17.55
2007-04-05 11:00:00,1.49,0.22,238.76,6.27,0.0,0.93,17.47
2007-04-05 12:00:00,0.48,0.29,240.97,2.31,0.0,0.0,1.12
2007-04-05 13:00:00,0.37,0.23,241.37,1.84,0.0,0.03,0.0
2007-04-05 14:00:00,0.45,0.36,243.06,2.34,0.0,0.95,0.0
2007-04-05 15:00:00,0.52,0.31,242.24,2.5,0.0,0.0,0.0
2007-04-05 16:00:00,0.46,0.26,243.12,2.14,0.0,0.0,0.0
2007-04-05 17:00:00,0.51,0.35,242.32,2.53,0.0,0.97,0.0
2007-04-05 18:00:00,0.47,0.21,242.77,2.18,0.0,0.08,0.0
2007-04-05 19:00:00,2.69,0.19,239.93,11.47,0.0,8.53,12.42
2007-04-05 20:00:00,4.06,0.23,237.63,17.27,2.8,14.13,17.32
2007-04-05 21:00:00,4.75,0.18,236.01,20.21,6.37,29.88,17.08
2007-04-05 22:00:00,2.69,0.1,240.77,11.17,8.93,1.42,17.77
2007-04-05 23:00:00,1.44,0.07,242.22,5.9,0.0,0.0,17.95
2007-04-06 00:00:00,1.31,0.09,242.95,5.36,0.0,0.72,15.92
2007-04-06 01:00:00,0.36,0.12,242.64,1.65,0.0,0.35,0.0
2007-04-06 02:00:00,0.32,0.05,242.91,1.42,0.0,0.0,0.0
2007-04-06 03:00:00,0.34,0.08,241.94,1.53,0.0,0.52,0.0
2007-04-06 04:00:00,0.36,0.11,241.92,1.61,0.0,0.48,0.0
2007-04-06 05:00:00,0.31,0.04,241.58,1.37,0.0,0.0,0.0
2007-04-06 06:00:00,0.58,0.07,241.71,2.55,0.0,0.3,0.0
2007-04-06 07:00:00,1.91,0.12,240.3,7.99,0.0,0.68,9.9
2007-04-06 08:00:00,1.9,0.05,238.94,7.99,0.0,9.55,17.5
2007-04-06 09:00:00,1.37,0.1,239.97,5.67,0.0,0.38,17.63
2007-04-06 10:00:00,1.36,0.09,239.43,5.58,0.0,0.62,17.57
2007-04-06 11:00:00,1.34,0.06,239.08,5.52,0.0,0.0,17.52
2007-04-06 12:00:00,0.31,0.11,242.62,1.44,0.0,0.38,0.12
2007-04-06 13:00:00,0.31,0.11,242.76,1.38,0.0,0.65,0.0
2007-04-06 14:00:00,0.3,0.1,244.9,1.33,0.0,0.0,0.0
2007-04-06 15:00:00,0.3,0.1,243.62,1.36,0.0,0.35,0.0
2007-04-06 16:00:00,0.48,0.11,242.29,2.04,0.0,0.65,1.87
2007-04-06 17:00:00,1.43,0.08,240.77,5.86,0.0,0.0,17.77
2007-04-06 18:00:00,3.19,0.12,238.5,13.45,0.0,29.67,17.42
2007-04-06 19:00:00,2.22,0.24,238.94,9.52,0.0,19.95,8.8
2007-04-06 20:00:00,0.64,0.09,240.75,2.7,0.0,0.85,0.0
2007-04-06 21:00:00,2.33,0.04,238.61,9.77,0.0,5.38,10.77
2007-04-06 22:00:00,2.41,0.2,239.21,10.17,0.0,18.72,0.0
2007-04-06 23:00:00,1.28,0.11,242.08,5.26,0.0,0.9,0.0
2007-04-07 00:00:00,0.99,0.06,243.17,4.04,0.0,0.17,0.0
2007-04-07 01:00:00,0.45,0.16,240.96,2.0,0.0,1.17,0.0
2007-04-07 02:00:00,0.29,0.06,241.75,1.27,0.0,0.25,0.0
2007-04-07 03:00:00,0.3,0.07,241.4,1.3,0.0,0.15,0.0
2007-04-07 04:00:00,0.36,0.16,241.47,1.6,0.0,1.2,0.0
2007-04-07 05:00:00,0.9,0.05,240.34,3.74,0.0,0.17,10.15
2007-04-07 06:00:00,0.29,0.07,239.97,1.28,0.0,0.0,0.0
2007-04-07 07:00:00,0.72,0.13,240.62,3.2,0.0,1.02,0.0
2007-04-07 08:00:00,0.69,0.07,240.84,2.88,0.0,0.0,0.0
2007-04-07 09:00:00,1.77,0.06,239.15,7.45,0.17,7.73,11.7
2007-04-07 10:00:00,2.1,0.16,240.58,8.77,8.77,2.4,17.72
2007-04-07 11:00:00,2.73,0.14,238.88,11.53,9.85,28.87,1.55
2007-04-07 12:00:00,0.5,0.17,241.25,2.28,0.0,3.77,0.0
2007-04-07 13:00:00,0.33,0.1,242.55,1.43,0.0,0.83,0.0
2007-04-07 14:00:00,0.3,0.08,244.21,1.3,0.0,0.15,0.0
2007-04-07 15:00:00,0.49,0.12,242.85,2.12,0.0,1.25,0.0
2007-04-07 16:00:00,0.58,0.05,241.14,2.46,0.0,0.17,0.0
2007-04-07 17:00:00,0.37,0.06,239.68,1.56,0.0,0.17,0.0
2007-04-07 18:00:00,0.97,0.15,239.36,4.12,0.0,1.2,8.97
2007-04-07 19:00:00,0.42,0.06,238.67,1.76,0.0,0.05,1.03
2007-04-07 20:00:00,0.34,0.05,238.48,1.44,0.0,0.08,0.0
2007-04-07 21:00:00,3.3,0.14,235.45,14.01,0.0,0.93,12.83
2007-04-07 22:00:00,3.34,0.07,237.21,13.98,0.0,0.0,17.25
2007-04-07 23:00:00,3.38,0.06,239.1,14.04,0.0,0.13,17.52
2007-04-08 00:00:00,2.79,0.15,240.61,11.57,0.0,0.9,6.18
2007-04-08 01:00:00,2.3,0.04,238.73,9.56,0.0,0.0,0.0
2007-04-08 02:00:00,2.34,0.06,239.88,9.69,0.0,0.12,0.0
2007-04-08 03:00:00,2.4,0.13,240.59,9.91,0.0,0.9,0.0
2007-04-08 04:00:00,2.33,0.04,239.96,9.62,0.0,0.0,0.0
2007-04-08 05:00:00,2.28,0.06,239.54,9.43,0.0,0.05,0.0
2007-04-08 06:00:00,1.83,0.12,239.42,7.62,0.0,0.9,0.0
2007-04-08 07:00:00,0.9,0.08,241.5,3.81,0.0,0.0,0.0
2007-04-08 08:00:00,0.58,0.08,242.25,2.66,0.0,0.08,0.0
2007-04-08 09:00:00,1.29,0.14,240.45,5.53,0.0,0.88,12.1
2007-04-08 10:00:00,0.7,0.08,239.35,3.27,0.0,0.0,0.0
2007-04-08 11:00:00,0.62,0.06,239.01,2.93,0.0,0.12,0.0
2007-04-08 12:00:00,0.57,0.17,239.22,2.71,0.0,0.88,0.0
2007-04-08 13:00:00,0.83,0.07,239.97,3.65,0.0,0.0,5.83
2007-04-08 14:00:00,1.35,0.07,240.93,5.52,0.0,0.12,17.78
2007-04-08 15:00:00,0.72,0.16,242.18,3.04,0.0,0.88,6.32
2007-04-08 16:00:00,0.26,0.05,242.72,1.14,0.0,0.0,0.0
2007-04-08 17:00:00,0.3,0.1,242.98,1.29,0.0,0.15,0.0
2007-04-08 18:00:00,0.33,0.15,241.07,1.44,0.0,0.87,0.0
2007-04-08 19:00:00,0.26,0.05,240.17,1.1,0.0,0.0,0.0
2007-04-08 20:00:00,0.3,0.1,239.33,1.32,0.0,0.2,0.0
2007-04-08 21:00:00,0.32,0.14,239.73,1.41,0.0,0.82,0.0
2007-04-08 22:00:00,0.26,0.05,237.49,1.13,0.0,0.0,0.0
2007-04-08 23:00:00,0.95,0.09,241.3,3.92,0.0,0.22,10.87
2007-04-09 00:00:00,0.33,0.15,243.34,1.46,0.0,0.8,0.0
2007-04-09 01:00:00,0.28,0.07,241.52,1.18,0.0,0.0,0.0
2007-04-09 02:00:00,0.28,0.07,240.9,1.16,0.0,0.22,0.0
2007-04-09 03:00:00,0.32,0.14,241.65,1.45,0.0,0.78,0.0
2007-04-09 04:00:00,0.28,0.08,241.69,1.24,0.0,0.0,0.0
2007-04-09 05:00:00,0.27,0.06,241.3,1.18,0.0,0.2,0.0
2007-04-09 06:00:00,0.33,0.15,240.74,1.53,0.0,0.78,0.0
2007-04-09 07:00:00,0.28,0.08,241.71,1.18,0.0,0.0,0.0
2007-04-09 08:00:00,0.27,0.07,241.53,1.15,0.0,0.22,0.0
2007-04-09 09:00:00,0.44,0.15,240.76,1.96,0.0,0.78,1.82
2007-04-09 10:00:00,0.93,0.05,236.97,3.89,0.0,0.0,10.97
2007-04-09 11:00:00,0.28,0.08,239.23,1.2,0.0,0.23,0.0
2007-04-09 12:00:00,0.32,0.14,240.24,1.4,0.0,0.77,0.0
2007-04-09 13:00:00,0.27,0.06,241.65,1.14,0.0,0.0,0.0
2007-04-09 14:00:00,0.31,0.11,240.95,1.34,0.0,0.32,0.0
2007-04-09 15:00:00,1.18,0.17,240.02,5.03,13.7,0.68,0.0
2007-04-09 16:00:00,1.1,0.11,239.97,4.88,13.5,0.0,0.15
2007-04-09 17:00:00,1.44,0.18,239.74,6.0,0.0,0.52,17.63
2007-04-09 18:00:00,0.99,0.19,240.56,4.3,0.0,0.53,8.85
2007-04-09 19:00:00,2.41,0.09,238.08,10.18,0.0,0.0,0.0
2007-04-09 20:00:00,1.63,0.12,237.51,6.87,0.12,0.65,10.48
2007-04-09 21:00:00,1.61,0.09,239.52,6.75,8.38,0.4,13.45
2007-04-09 22:00:00,0.83,0.11,241.79,3.51,8.75,0.0,0.0
2007-04-09 23:00:00,0.31,0.12,241.85,1.4,0.0,0.68,0.0
2007-04-10 00:00:00,0.31,0.12,242.3,1.42,0.0,0.35,0.0
2007-04-10 01:00:00,0.28,0.08,242.02,1.29,0.0,0.0,0.0
2007-04-10 02:00:00,0.31,0.13,242.93,1.4,0.0,0.75,0.0
2007-04-10 03:00:00,0.32,0.13,241.36,1.47,0.0,0.3,0.0
2007-04-10 04:00:00,0.27,0.06,241.33,1.2,0.0,0.0,0.0
2007-04-10 05:00:00,0.82,0.12,240.06,3.47,0.0,0.75,8.28
2007-04-10 06:00:00,0.39,0.1,238.42,1.73,0.0,0.25,1.55
2007-04-10 07:00:00,0.26,0.06,240.51,1.09,0.0,0.0,0.0
2007-04-10 08:00:00,0.33,0.15,239.57,1.5,0.0,0.8,0.0
2007-04-10 09:00:00,0.29,0.08,241.34,1.24,0.0,0.23,0.0
2007-04-10 10:00:00,0.27,0.06,238.99,1.16,0.0,0.0,0.0
2007-04-10 11:00:00,0.33,0.14,239.63,1.46,0.0,0.83,0.0
2007-04-10 12:00:00,0.28,0.08,241.57,1.22,0.0,0.22,0.0
2007-04-10 13:00:00,0.29,0.08,241.68,1.25,0.0,0.0,0.0
2007-04-10 14:00:00,0.32,0.14,241.35,1.43,0.0,0.87,0.0
2007-04-10 15:00:00,0.28,0.09,242.25,1.26,0.0,0.2,0.0
2007-04-10 16:00:00,1.04,0.09,241.0,4.29,0.0,0.0,12.32
2007-04-10 17:00:00,0.4,0.15,242.9,1.82,0.0,0.92,0.0
2007-04-10 18:00:00,0.56,0.08,240.08,2.6,0.0,0.13,0.0
2007-04-10 19:00:00,0.54,0.07,240.43,2.46,0.22,0.0,0.0
2007-04-10 20:00:00,1.04,0.11,239.79,4.51,3.27,1.42,0.0
2007-04-10 21:00:00,1.03,0.1,239.1,4.46,0.0,1.48,0.0
2007-04-10 22:00:00,1.18,0.09,239.18,5.06,0.0,1.43,2.82
2007-04-10 23:00:00,1.82,0.18,241.75,7.56,0.0,1.43,17.9
2007-04-11 00:00:00,1.5,0.17,241.04,6.17,0.0,1.43,17.78
2007-04-11 01:00:00,1.1,0.16,241.33,4.53,0.0,1.42,12.48
2007-04-11 02:00:00,0.39,0.22,241.11,1.8,0.0,1.42,0.0
2007-04-11 03:00:00,0.35,0.17,241.45,1.53,0.0,1.4,0.0
2007-04-11 04:00:00,0.36,0.18,241.05,1.59,0.0,1.42,0.0
2007-04-11 05:00:00,0.36,0.19,240.41,1.63,0.0,1.4,0.0
2007-04-11 06:00:00,0.36,0.18,240.12,1.62,0.0,1.4,0.0
2007-04-11 07:00:00,0.36,0.19,240.35,1.62,0.0,1.4,0.0
2007-04-11 08:00:00,0.35,0.17,239.64,1.56,0.0,1.38,0.0
2007-04-11 09:00:00,1.46,0.2,239.44,6.17,0.0,1.25,13.93
2007-04-11 10:00:00,1.58,0.05,239.44,6.55,0.0,0.0,17.57
2007-04-11 11:00:00,1.37,0.06,240.19,5.6,0.0,0.0,17.67
2007-04-11 12:00:00,1.32,0.16,239.89,5.48,0.0,1.05,16.23
2007-04-11 13:00:00,0.28,0.08,241.09,1.2,0.0,0.18,0.0
2007-04-11 14:00:00,0.29,0.08,242.05,1.2,0.0,0.0,0.0
2007-04-11 15:00:00,0.34,0.17,243.24,1.5,0.0,1.12,0.0
2007-04-11 16:00:00,0.29,0.09,244.86,1.26,0.0,0.0,0.0
2007-04-11 17:00:00,0.29,0.09,244.04,1.3,0.0,0.0,0.0
2007-04-11 18:00:00,0.33,0.16,242.09,1.5,0.0,1.12,0.0
2007-04-11 19:00:00,0.28,0.08,242.26,1.2,0.0,0.0,0.0
2007-04-11 20:00:00,0.29,0.08,239.74,1.22,0.0,0.0,0.0
2007-04-11 21:00:00,0.33,0.15,239.65,1.44,0.0,1.07,0.0
2007-04-11 22:00:00,0.97,0.08,242.65,4.03,0.0,0.0,11.35
2007-04-11 23:00:00,0.27,0.06,240.59,1.15,0.0,0.08,0.0
2007-04-12 00:00:00,0.34,0.16,238.65,1.51,0.0,1.0,0.0
2007-04-12 01:00:00,0.27,0.07,239.21,1.16,0.0,0.0,0.0
2007-04-12 02:00:00,0.27,0.06,240.36,1.11,0.0,0.13,0.0
2007-04-12 03:00:00,0.35,0.18,240.29,1.61,0.0,0.95,0.0
2007-04-12 04:00:00,0.27,0.06,240.77,1.15,0.0,0.0,0.0
2007-04-12 05:00:00,0.28,0.07,240.26,1.18,0.0,0.13,0.0
2007-04-12 06:00:00,0.34,0.16,240.57,1.5,0.0,0.9,0.0
2007-04-12 07:00:00,0.27,0.07,239.87,1.15,0.0,0.0,0.0
2007-04-12 08:00:00,0.29,0.09,239.45,1.26,0.0,0.22,0.0
2007-04-12 09:00:00,0.87,0.14,240.37,3.6,0.0,0.85,9.08
2007-04-12 10:00:00,0.59,0.06,242.26,2.47,0.0,0.0,5.23
2007-04-12 11:00:00,0.31,0.12,239.53,1.38,0.0,0.25,0.0
2007-04-12 12:00:00,0.31,0.13,240.21,1.36,0.0,0.85,0.0
2007-04-12 13:00:00,0.27,0.07,240.6,1.13,0.0,0.0,0.0
2007-04-12 14:00:00,0.3,0.1,238.45,1.33,0.0,0.28,0.0
2007-04-12 15:00:00,0.31,0.13,240.7,1.36,0.0,0.78,0.0
2007-04-12 16:00:00,0.29,0.08,241.6,1.22,0.0,0.0,0.0
2007-04-12 17:00:00,0.29,0.09,241.67,1.25,0.0,0.4,0.0
2007-04-12 18:00:00,0.33,0.15,239.77,1.45,0.0,0.72,0.0
2007-04-12 19:00:00,0.28,0.08,240.19,1.19,0.0,0.0,0.0
2007-04-12 20:00:00,0.29,0.09,240.92,1.2,0.0,0.43,0.0
2007-04-12 21:00:00,1.02,0.14,240.71,4.28,0.0,0.73,11.42
2007-04-12 22:00:00,0.56,0.08,240.2,2.31,0.0,0.0,4.57
2007-04-12 23:00:00,0.29,0.08,239.57,1.2,0.0,0.38,0.0
2007-04-13 00:00:00,0.33,0.15,239.71,1.48,0.0,0.75,0.0
2007-04-13 01:00:00,0.27,0.06,240.48,1.1,0.0,0.0,0.0
2007-04-13 02:00:00,0.31,0.11,240.13,1.35,0.0,0.38,0.0
2007-04-13 03:00:00,0.32,0.14,239.87,1.41,0.0,0.75,0.0
2007-04-13 04:00:00,0.26,0.05,239.94,1.07,0.0,0.0,0.0
2007-04-13 05:00:00,0.32,0.13,239.23,1.44,0.0,0.38,0.0
2007-04-13 06:00:00,0.31,0.13,238.77,1.36,0.0,0.73,0.0
2007-04-13 07:00:00,0.27,0.06,239.65,1.1,0.0,0.0,0.0
2007-04-13 08:00:00,0.31,0.12,239.41,1.35,0.0,0.42,0.0
2007-04-13 09:00:00,0.79,0.13,239.56,3.34,0.0,0.7,7.88
2007-04-13 10:00:00,0.77,0.06,238.04,3.22,0.0,0.0,8.37
2007-04-13 11:00:00,0.3,0.11,241.34,1.32,0.0,0.47,0.0
2007-04-13 12:00:00,0.31,0.13,242.11,1.41,0.0,0.68,0.0
2007-04-13 13:00:00,0.29,0.09,240.59,1.25,0.0,0.0,0.0
2007-04-13 14:00:00,0.3,0.1,239.36,1.26,0.0,0.48,0.0
2007-04-13 15:00:00,0.31,0.13,239.72,1.37,0.0,0.7,0.0
2007-04-13 16:00:00,0.3,0.1,240.85,1.32,0.0,0.0,0.0
2007-04-13 17:00:00,0.29,0.09,240.33,1.27,0.0,0.47,0.0
2007-04-13 18:00:00,0.31,0.13,239.2,1.39,0.0,0.67,0.0
2007-04-13 19:00:00,0.28,0.07,240.01,1.18,0.0,0.0,0.0
2007-04-13 20:00:00,0.3,0.11,241.01,1.31,0.0,0.53,0.0
2007-04-13 21:00:00,0.54,0.14,240.08,2.32,0.0,0.62,3.57
2007-04-13 22:00:00,1.06,0.04,239.83,4.37,0.0,0.0,13.32
2007-04-13 23:00:00,0.33,0.14,241.98,1.46,0.0,0.57,0.0
2007-04-14 00:00:00,0.31,0.13,239.36,1.37,0.0,0.57,0.0
2007-04-14 01:00:00,0.26,0.05,239.4,1.07,0.0,0.0,0.0
2007-04-14 02:00:00,0.33,0.14,239.58,1.45,0.0,0.65,0.0
2007-04-14 03:00:00,0.31,0.12,241.15,1.35,0.0,0.48,0.0
2007-04-14 04:00:00,0.26,0.06,241.73,1.15,0.0,0.0,0.0
2007-04-14 05:00:00,0.33,0.15,241.21,1.45,0.0,0.72,0.0
2007-04-14 06:00:00,0.31,0.12,240.32,1.33,0.0,0.45,0.0
2007-04-14 07:00:00,0.27,0.06,239.73,1.13,0.0,0.0,0.0
2007-04-14 08:00:00,0.33,0.15,241.73,1.45,0.0,0.72,0.0
2007-04-14 09:00:00,0.29,0.1,239.15,1.26,0.0,0.43,0.0
2007-04-14 10:00:00,0.94,0.07,237.46,3.97,0.0,0.0,10.98
2007-04-14 11:00:00,0.65,0.13,239.03,2.8,0.0,0.73,5.57
2007-04-14 12:00:00,0.29,0.09,240.54,1.23,0.0,0.38,0.0
2007-04-14 13:00:00,0.3,0.11,241.3,1.3,0.0,0.0,0.0
2007-04-14 14:00:00,0.31,0.13,239.5,1.36,0.0,0.83,0.0
2007-04-14 15:00:00,0.29,0.1,239.82,1.26,0.0,0.35,0.0
2007-04-14 16:00:00,0.28,0.08,239.58,1.22,0.0,0.0,0.0
2007-04-14 17:00:00,0.32,0.14,239.0,1.4,0.0,0.85,0.0
2007-04-14 18:00:00,0.3,0.11,240.17,1.31,0.0,0.3,0.0
2007-04-14 19:00:00,0.27,0.06,241.0,1.12,0.0,0.0,0.0
2007-04-14 20:00:00,0.34,0.17,241.72,1.52,0.0,0.95,0.0
2007-04-14 21:00:00,0.31,0.12,241.38,1.32,0.0,0.27,0.0
2007-04-14 22:00:00,0.48,0.06,242.49,2.0,0.0,0.0,3.43
2007-04-14 23:00:00,1.16,0.17,241.17,4.83,0.0,0.95,13.48
2007-04-15 00:00:00,0.3,0.12,241.01,1.34,0.0,0.28,0.0
2007-04-15 01:00:00,0.26,0.06,240.27,1.08,0.0,0.0,0.0
2007-04-15 02:00:00,0.34,0.17,240.69,1.54,0.0,0.93,0.0
2007-04-15 03:00:00,0.3,0.11,241.51,1.31,0.0,0.27,0.0
2007-04-15 04:00:00,0.27,0.06,241.92,1.15,0.0,0.0,0.0
2007-04-15 05:00:00,0.35,0.17,241.14,1.56,0.0,0.95,0.0
2007-04-15 06:00:00,0.29,0.09,241.99,1.24,0.0,0.25,0.0
2007-04-15 07:00:00,0.29,0.08,242.32,1.25,0.0,0.0,0.0
2007-04-15 08:00:00,0.34,0.16,241.14,1.53,0.0,0.95,0.0
2007-04-15 09:00:00,0.28,0.08,240.09,1.16,0.0,0.23,0.0
2007-04-15 10:00:00,0.3,0.1,239.6,1.28,0.0,0.0,0.0
2007-04-15 11:00:00,0.84,0.14,238.64,3.55,0.0,0.98,8.52
2007-04-15 12:00:00,0.75,0.07,237.44,3.1,0.0,0.18,7.92
2007-04-15 13:00:00,0.3,0.1,239.88,1.28,0.0,0.0,0.0
2007-04-15 14:00:00,0.61,0.13,238.87,2.74,0.0,2.48,0.0
2007-04-15 15:00:00,1.69,0.25,237.44,7.27,0.0,0.42,10.13
2007-04-15 16:00:00,0.81,0.11,239.75,3.41,0.0,0.07,5.8
2007-04-15 17:00:00,0.24,0.12,239.72,1.13,0.0,0.35,0.0
2007-04-15 18:00:00,0.24,0.12,239.53,1.23,0.0,0.42,0.0
2007-04-15 19:00:00,0.22,0.12,238.76,1.05,0.0,0.32,0.0
2007-04-15 20:00:00,0.2,0.11,239.17,0.97,0.0,0.1,0.0
2007-04-15 21:00:00,0.33,0.12,239.96,1.54,0.0,1.25,0.0
2007-04-15 22:00:00,1.79,0.14,240.98,7.44,0.0,6.67,8.23
2007-04-15 23:00:00,0.78,0.14,243.89,3.31,0.0,0.0,7.62
2007-04-16 00:00:00,0.22,0.13,243.0,1.08,0.0,0.43,0.0
2007-04-16 01:00:00,0.22,0.14,242.81,1.09,0.0,0.43,0.0
2007-04-16 02:00:00,0.2,0.09,242.07,0.94,0.0,0.0,0.0
2007-04-16 03:00:00,0.22,0.13,241.94,1.06,0.0,0.4,0.0
2007-04-16 04:00:00,0.22,0.12,241.75,1.04,0.0,0.42,0.0
2007-04-16 05:00:00,0.19,0.09,240.52,0.93,0.0,0.0,0.0
2007-04-16 06:00:00,0.23,0.14,241.57,1.09,0.0,0.42,0.0
2007-04-16 07:00:00,0.81,0.11,240.55,3.63,0.0,0.42,4.48
2007-04-16 08:00:00,1.25,0.08,237.83,5.21,0.0,0.0,17.32
2007-04-16 09:00:00,0.46,0.13,238.57,2.04,0.0,0.4,4.02
2007-04-16 10:00:00,0.2,0.11,239.83,0.99,0.0,0.35,0.0
2007-04-16 11:00:00,0.23,0.08,239.81,1.01,0.0,0.05,0.0
2007-04-16 12:00:00,0.59,0.17,239.86,2.67,0.0,0.4,0.0
2007-04-16 13:00:00,0.27,0.11,240.31,1.28,0.0,0.22,0.0
2007-04-16 14:00:00,0.3,0.08,240.11,1.31,0.0,0.2,0.0
2007-04-16 15:00:00,0.36,0.12,238.68,1.55,0.0,0.4,0.0
2007-04-16 16:00:00,0.36,0.12,240.66,1.56,0.0,0.1,0.0
2007-04-16 17:00:00,1.28,0.09,239.73,5.32,0.0,0.32,14.12
2007-04-16 18:00:00,1.01,0.13,240.87,4.19,0.0,0.4,12.83
2007-04-16 19:00:00,0.25,0.11,242.62,1.28,0.0,0.0,0.0
2007-04-16 20:00:00,1.3,0.41,242.36,5.73,0.0,7.9,0.0
2007-04-16 21:00:00,2.9,0.14,237.83,12.26,7.33,8.08,13.63
2007-04-16 22:00:00,1.6,0.12,239.73,6.7,8.53,0.15,0.0
2007-04-16 23:00:00,1.19,0.15,242.77,4.98,0.0,0.27,11.2
2007-04-17 00:00:00,0.28,0.14,243.43,1.39,0.0,0.42,0.0
2007-04-17 01:00:00,0.25,0.08,240.11,1.17,0.0,0.17,0.0
2007-04-17 02:00:00,0.27,0.11,240.12,1.33,0.0,0.23,0.0
2007-04-17 03:00:00,0.28,0.12,240.16,1.35,0.0,0.4,0.0
2007-04-17 04:00:00,0.26,0.1,240.47,1.29,0.0,0.15,0.0
2007-04-17 05:00:00,0.26,0.1,239.78,1.28,0.0,0.25,0.0
2007-04-17 06:00:00,0.7,0.1,238.34,3.23,0.0,0.42,0.92
2007-04-17 07:00:00,1.82,0.1,238.57,7.65,0.0,0.02,14.27
2007-04-17 08:00:00,1.33,0.11,238.05,5.56,0.0,0.4,17.37
2007-04-17 09:00:00,1.3,0.09,238.57,5.4,0.0,0.4,17.43
2007-04-17 10:00:00,1.29,0.07,239.94,5.32,0.0,0.0,17.63
2007-04-17 11:00:00,0.89,0.14,239.54,3.84,0.0,0.4,10.73
2007-04-17 12:00:00,0.27,0.14,240.76,1.31,0.0,0.4,0.0
2007-04-17 13:00:00,0.4,0.12,240.6,1.84,0.0,0.0,0.0
2007-04-17 14:00:00,0.26,0.13,241.37,1.22,0.0,0.42,0.0
2007-04-17 15:00:00,0.26,0.13,241.87,1.22,0.0,0.4,0.0
2007-04-17 16:00:00,0.33,0.09,242.01,1.42,0.0,0.0,0.0
2007-04-17 17:00:00,0.67,0.28,242.85,3.13,0.0,0.4,0.0
2007-04-17 18:00:00,0.34,0.17,241.62,1.57,0.0,0.33,0.0
2007-04-17 19:00:00,0.93,0.25,240.79,4.1,0.0,0.08,0.0
2007-04-17 20:00:00,2.72,0.28,239.03,11.57,17.42,0.4,10.4
2007-04-17 21:00:00,1.99,0.21,238.27,8.48,8.12,0.23,0.0
2007-04-17 22:00:00,2.04,0.25,238.08,8.56,0.0,0.17,9.85
2007-04-17 23:00:00,1.25,0.32,240.37,5.35,0.0,0.4,4.72
2007-04-18 00:00:00,1.08,0.18,239.22,4.58,0.0,0.13,0.0
2007-04-18 01:00:00,0.21,0.13,240.57,1.05,0.0,0.27,0.0
2007-04-18 02:00:00,0.2,0.1,239.0,0.99,0.0,0.4,0.0
2007-04-18 03:00:00,0.21,0.11,239.8,1.04,0.0,0.0,0.0
2007-04-18 04:00:00,0.21,0.12,238.99,1.06,0.0,0.4,0.0
2007-04-18 05:00:00,0.2,0.1,239.11,1.01,0.0,0.38,0.0
2007-04-18 06:00:00,0.94,0.07,239.1,3.97,0.0,0.0,8.6
2007-04-18 07:00:00,1.58,0.12,239.06,6.66,0.0,0.4,12.02
2007-04-18 08:00:00,1.17,0.13,237.59,5.11,8.07,0.38,7.68
2007-04-18 09:00:00,0.66,0.06,240.29,2.88,7.52,0.0,0.0
2007-04-18 10:00:00,1.47,0.1,239.09,6.11,0.0,0.4,15.08
2007-04-18 11:00:00,0.55,0.1,239.87,2.34,0.0,0.15,4.77
2007-04-18 12:00:00,1.02,0.15,239.68,4.56,10.67,0.25,0.0
2007-04-18 13:00:00,0.24,0.1,239.57,1.15,0.07,0.38,0.0
2007-04-18 14:00:00,0.44,0.11,240.9,1.87,0.0,0.0,0.0
2007-04-18 15:00:00,0.24,0.12,242.04,1.13,0.0,0.4,0.0
2007-04-18 16:00:00,0.22,0.1,242.14,1.03,0.0,0.4,0.0
2007-04-18 17:00:00,0.25,0.1,241.85,1.14,0.0,0.0,0.0
2007-04-18 18:00:00,0.62,0.15,242.3,2.67,0.0,0.4,4.63
2007-04-18 19:00:00,0.58,0.12,241.25,2.53,0.0,0.3,4.38
2007-04-18 20:00:00,0.44,0.07,240.42,1.91,0.0,0.08,0.0
2007-04-18 21:00:00,1.81,0.22,239.04,7.68,0.0,0.4,0.0
2007-04-18 22:00:00,1.58,0.1,240.75,6.53,0.0,0.08,0.0
2007-04-18 23:00:00,0.7,0.08,241.91,2.88,0.0,0.3,0.0
2007-04-19 00:00:00,0.57,0.09,241.16,2.37,0.0,0.4,0.0
2007-04-19 01:00:00,0.61,0.07,240.0,2.54,0.0,0.0,0.0
2007-04-19 02:00:00,1.02,0.1,238.59,4.28,0.0,0.38,10.08
2007-04-19 03:00:00,0.37,0.09,240.06,1.54,0.0,0.4,0.0
2007-04-19 04:00:00,0.36,0.08,239.94,1.51,0.0,0.0,0.0
2007-04-19 05:00:00,0.38,0.1,239.5,1.59,0.0,0.38,0.0
2007-04-19 06:00:00,0.36,0.08,239.96,1.51,0.0,0.18,0.0
2007-04-19 07:00:00,1.5,0.08,238.67,6.35,0.0,0.2,14.37
2007-04-19 08:00:00,1.26,0.1,239.71,5.24,0.0,0.38,17.6
2007-04-19 09:00:00,1.04,0.06,240.36,4.3,0.0,0.0,13.83
2007-04-19 10:00:00,0.25,0.1,240.81,1.17,0.0,0.38,0.0
2007-04-19 11:00:00,0.62,0.11,240.33,2.67,0.0,0.38,5.95
2007-04-19 12:00:00,1.26,0.05,239.49,5.18,0.0,0.0,17.57
2007-04-19 13:00:00,1.04,0.14,239.46,4.57,6.77,0.38,3.22
2007-04-19 14:00:00,0.74,0.12,239.44,3.27,5.45,0.15,0.0
2007-04-19 15:00:00,0.19,0.09,240.84,0.96,0.0,0.25,0.0
2007-04-19 16:00:00,0.2,0.1,241.14,1.02,0.0,0.38,0.0
2007-04-19 17:00:00,0.25,0.09,241.99,1.19,0.0,0.52,0.0
2007-04-19 18:00:00,1.08,0.16,241.26,4.65,0.0,13.03,0.0
2007-04-19 19:00:00,0.83,0.19,242.09,3.72,0.0,4.47,0.0
2007-04-19 20:00:00,1.41,0.12,239.65,5.92,0.0,3.67,13.18
2007-04-19 21:00:00,1.01,0.14,238.76,4.28,0.0,0.4,0.0
2007-04-19 22:00:00,0.61,0.14,243.44,2.6,0.0,0.37,0.0
2007-04-19 23:00:00,0.19,0.09,243.67,0.91,0.0,0.03,0.0
2007-04-20 00:00:00,0.21,0.12,241.98,1.05,0.0,0.38,0.0
2007-04-20 01:00:00,0.21,0.11,240.61,1.0,0.0,0.22,0.0
2007-04-20 02:00:00,0.2,0.09,238.85,0.94,0.0,0.18,0.0
2007-04-20 03:00:00,0.2,0.1,239.41,0.98,0.0,0.38,0.0
2007-04-20 04:00:00,0.8,0.07,238.74,3.36,0.0,0.0,10.17
2007-04-20 05:00:00,0.22,0.11,238.24,1.06,0.0,0.38,0.15
2007-04-20 06:00:00,0.3,0.11,240.45,1.42,0.0,0.38,0.0
2007-04-20 07:00:00,1.79,0.08,240.5,7.46,0.0,0.0,17.35
2007-04-20 08:00:00,0.53,0.12,239.93,2.3,0.0,0.38,5.05
2007-04-20 09:00:00,0.2,0.09,239.35,0.95,0.0,0.28,0.0
2007-04-20 10:00:00,0.18,0.06,239.73,0.86,0.0,0.1,0.0
2007-04-20 11:00:00,0.22,0.12,238.96,1.08,0.0,0.38,0.0
2007-04-20 12:00:00,0.23,0.08,240.64,1.07,0.0,0.0,0.0
2007-04-20 13:00:00,0.29,0.08,241.34,1.29,0.0,0.38,0.0
2007-04-20 14:00:00,0.41,0.09,239.7,1.77,0.0,0.33,0.0
2007-04-20 15:00:00,0.3,0.09,239.89,1.31,0.0,0.32,0.0
2007-04-20 16:00:00,0.87,0.07,240.1,3.66,0.0,0.07,9.8
2007-04-20 17:00:00,0.32,0.1,241.12,1.42,0.0,0.25,0.0
2007-04-20 18:00:00,0.32,0.1,239.32,1.46,0.0,0.32,0.0
2007-04-20 19:00:00,0.39,0.15,241.5,1.93,0.0,0.32,0.0
2007-04-20 20:00:00,0.8,0.17,241.63,3.48,0.17,0.27,3.0
2007-04-20 21:00:00,2.88,0.09,237.67,12.19,8.6,0.05,12.8
2007-04-20 22:00:00,1.6,0.12,240.6,6.69,9.05,0.3,0.0
2007-04-20 23:00:00,0.26,0.12,242.91,1.18,0.0,0.32,0.0
2007-04-21 00:00:00,0.19,0.09,243.5,0.89,0.0,0.22,0.0
2007-04-21 01:00:00,0.19,0.08,241.72,0.88,0.0,0.08,0.0
2007-04-21 02:00:00,0.19,0.09,239.14,0.94,0.0,0.3,0.0
2007-04-21 03:00:00,0.18,0.08,240.3,0.89,0.0,0.32,0.0
2007-04-21 04:00:00,0.2,0.11,240.99,1.02,0.0,0.13,0.0
2007-04-21 05:00:00,0.58,0.08,240.33,2.5,0.0,0.17,6.53
2007-04-21 06:00:00,0.45,0.08,240.77,1.98,0.0,0.32,4.48
2007-04-21 07:00:00,0.77,0.12,239.27,3.43,0.0,0.3,0.0
2007-04-21 08:00:00,0.2,0.09,240.7,0.99,0.0,0.0,0.0
2007-04-21 09:00:00,1.18,0.16,237.91,4.99,0.0,1.23,14.48
2007-04-21 10:00:00,0.89,0.08,239.62,3.78,0.0,0.02,8.15
2007-04-21 11:00:00,0.99,0.12,241.04,4.39,10.13,0.3,0.0
2007-04-21 12:00:00,1.42,0.24,240.86,6.29,12.53,0.55,1.72
2007-04-21 13:00:00,1.99,0.12,241.07,8.36,7.53,0.0,17.8
2007-04-21 14:00:00,1.78,0.15,240.8,7.43,7.8,0.9,17.75
2007-04-21 15:00:00,1.27,0.06,241.42,5.21,0.0,0.0,17.85
2007-04-21 16:00:00,1.29,0.13,238.38,5.38,0.0,0.53,17.42
2007-04-21 17:00:00,0.6,0.13,236.78,2.65,0.0,0.27,6.0
2007-04-21 18:00:00,2.45,0.23,235.18,10.81,27.22,0.03,2.88
2007-04-21 19:00:00,2.96,0.37,233.68,12.99,17.67,0.7,16.75
2007-04-21 20:00:00,1.81,0.19,236.08,7.77,6.6,0.0,17.08
2007-04-21 21:00:00,3.54,0.32,233.13,15.29,15.22,0.8,16.67
2007-04-21 22:00:00,2.09,0.22,237.93,8.88,4.88,0.0,17.35
2007-04-21 23:00:00,0.68,0.21,240.53,3.12,0.0,0.55,2.57
2007-04-22 00:00:00,0.36,0.18,241.15,1.83,0.0,0.32,0.0
2007-04-22 01:00:00,0.24,0.12,241.48,1.2,0.0,0.0,0.0
2007-04-22 02:00:00,0.28,0.2,241.02,1.44,0.0,0.73,0.0
2007-04-22 03:00:00,0.22,0.12,241.77,1.09,0.0,0.0,0.0
2007-04-22 04:00:00,0.26,0.17,241.8,1.28,0.0,0.73,0.0
2007-04-22 05:00:00,0.33,0.13,242.41,1.51,0.0,0.1,0.0
2007-04-22 06:00:00,1.54,0.09,241.51,6.37,0.0,0.05,0.0
2007-04-22 07:00:00,2.67,0.14,237.98,11.38,0.0,0.78,12.02
2007-04-22 08:00:00,2.25,0.07,237.24,9.66,0.0,0.0,9.12
2007-04-22 09:00:00,3.35,0.17,236.75,14.24,7.48,7.93,10.8
2007-04-22 10:00:00,2.92,0.33,239.35,12.6,25.3,0.92,10.38
2007-04-22 11:00:00,3.04,0.32,238.29,12.93,16.15,6.03,16.65
2007-04-22 12:00:00,2.24,0.32,241.03,9.46,6.7,0.93,17.78
2007-04-22 13:00:00,0.86,0.17,241.47,3.86,0.22,0.0,3.03
2007-04-22 14:00:00,2.1,0.12,239.23,8.95,15.2,0.42,11.83
2007-04-22 15:00:00,0.59,0.17,240.74,2.83,0.02,0.98,1.13
2007-04-22 16:00:00,1.58,0.12,239.48,6.75,0.0,6.37,12.75
2007-04-22 17:00:00,1.18,0.22,240.98,5.08,0.0,1.12,11.55
2007-04-22 18:00:00,1.06,0.27,241.78,4.64,0.0,1.18,6.17
2007-04-22 19:00:00,2.24,0.26,236.64,9.63,0.0,7.13,17.17
2007-04-22 20:00:00,1.92,0.28,237.11,8.16,0.0,0.57,17.22
2007-04-22 21:00:00,3.05,0.28,233.89,13.08,0.0,1.08,16.77
2007-04-22 22:00:00,1.77,0.08,237.33,7.53,0.0,0.0,10.67
2007-04-22 23:00:00,1.17,0.14,240.21,5.01,0.0,0.73,0.0
2007-04-23 00:00:00,0.38,0.1,241.35,1.89,0.0,0.27,0.0
2007-04-23 01:00:00,0.36,0.07,242.88,1.78,0.0,0.13,0.0
2007-04-23 02:00:00,0.58,0.14,241.73,2.71,0.0,0.77,2.92
2007-04-23 03:00:00,0.66,0.06,241.84,2.97,0.0,0.0,5.15
2007-04-23 04:00:00,0.4,0.13,241.74,2.02,0.0,0.83,0.0
2007-04-23 05:00:00,0.36,0.09,242.05,1.87,0.0,0.08,0.0
2007-04-23 06:00:00,0.59,0.06,240.95,2.86,0.0,0.17,0.0
2007-04-23 07:00:00,1.98,0.14,237.74,8.41,0.0,0.75,15.93
2007-04-23 08:00:00,1.92,0.05,231.47,8.31,12.78,0.0,16.45
2007-04-23 09:00:00,1.35,0.11,232.18,5.82,2.3,0.75,16.53
2007-04-23 10:00:00,1.67,0.03,233.67,7.11,8.28,0.07,16.75
2007-04-23 11:00:00,0.3,0.08,235.3,1.4,0.0,0.18,1.75
2007-04-23 12:00:00,0.43,0.13,236.02,2.06,0.0,0.77,0.0
2007-04-23 13:00:00,0.24,0.08,237.04,1.07,0.0,0.0,0.0
2007-04-23 14:00:00,0.83,0.1,235.32,3.53,0.0,0.68,10.08
2007-04-23 15:00:00,0.19,0.08,237.57,0.9,0.0,0.22,0.0
2007-04-23 16:00:00,0.16,0.05,237.73,0.8,0.0,0.0,0.0
2007-04-23 17:00:00,0.24,0.15,236.05,1.2,0.0,0.92,0.0
2007-04-23 18:00:00,0.37,0.07,234.58,1.66,0.0,0.0,0.0
2007-04-23 19:00:00,0.49,0.09,234.31,2.17,0.0,0.5,0.0
2007-04-23 20:00:00,1.12,0.13,235.25,4.89,0.0,0.42,4.68
2007-04-23 21:00:00,2.02,0.08,232.03,8.73,0.0,0.0,9.83
2007-04-23 22:00:00,0.7,0.16,237.08,3.05,0.0,0.93,0.0
2007-04-23 23:00:00,0.24,0.07,237.79,1.12,0.0,0.0,0.0
2007-04-24 00:00:00,0.25,0.09,238.16,1.19,0.0,0.35,0.0
2007-04-24 01:00:00,0.88,0.11,236.53,3.77,0.0,0.58,10.07
2007-04-24 02:00:00,0.22,0.05,236.98,1.03,0.0,0.0,0.0
2007-04-24 03:00:00,0.31,0.16,237.35,1.5,0.0,0.85,0.0
2007-04-24 04:00:00,0.22,0.06,236.93,1.06,0.0,0.07,0.0
2007-04-24 05:00:00,0.24,0.07,236.9,1.13,0.0,0.15,0.0
2007-04-24 06:00:00,0.5,0.13,236.86,2.24,0.0,0.75,0.0
2007-04-24 07:00:00,1.46,0.05,234.24,6.23,0.0,0.0,13.5
2007-04-24 08:00:00,0.44,0.12,234.25,1.99,0.0,0.68,3.68
2007-04-24 09:00:00,0.23,0.05,235.25,1.09,0.0,0.13,0.0
2007-04-24 10:00:00,0.54,0.08,232.38,2.52,0.0,0.12,2.88
2007-04-24 11:00:00,1.47,0.1,232.42,6.34,0.0,0.78,16.57
2007-04-24 12:00:00,0.35,0.06,235.41,1.52,0.0,0.0,1.25
2007-04-24 13:00:00,0.24,0.12,234.09,1.17,0.0,0.68,0.0
2007-04-24 14:00:00,0.39,0.06,234.09,1.68,0.0,0.23,0.0
2007-04-24 15:00:00,0.31,0.08,235.24,1.36,0.0,0.0,0.0
2007-04-24 16:00:00,0.39,0.15,235.48,1.92,0.0,0.88,0.0
2007-04-24 17:00:00,0.6,0.07,236.34,2.65,0.0,0.0,5.58
2007-04-24 18:00:00,1.25,0.1,233.13,5.32,0.0,0.65,16.67
2007-04-24 19:00:00,1.27,0.1,233.47,5.43,0.0,0.23,16.72
2007-04-24 20:00:00,1.9,0.09,233.65,8.13,3.88,0.03,16.73
2007-04-24 21:00:00,2.1,0.13,233.35,9.04,6.47,0.82,7.68
2007-04-24 22:00:00,1.36,0.09,235.89,5.81,8.4,0.0,0.0
2007-04-24 23:00:00,0.3,0.14,239.88,1.36,0.0,0.78,0.0
2007-04-25 00:00:00,0.24,0.1,237.86,1.14,0.0,0.08,0.0
2007-04-25 01:00:00,0.19,0.09,237.39,0.97,0.0,0.28,0.0
2007-04-25 02:00:00,0.2,0.1,234.57,0.97,0.0,0.63,0.0
2007-04-25 03:00:00,0.79,0.07,233.86,3.38,0.0,0.0,10.07
2007-04-25 04:00:00,0.22,0.12,234.33,1.04,0.0,0.87,0.0
2007-04-25 05:00:00,0.18,0.07,234.43,0.88,0.0,0.03,0.0
2007-04-25 06:00:00,0.76,0.11,235.24,3.34,0.0,0.28,0.0
2007-04-25 07:00:00,1.19,0.12,235.48,5.04,0.0,0.62,7.48
2007-04-25 08:00:00,1.37,0.05,234.63,5.76,0.0,0.0,16.87
2007-04-25 09:00:00,1.41,0.1,232.28,6.1,0.0,0.85,16.55
2007-04-25 10:00:00,1.4,0.08,232.27,6.06,0.0,0.03,16.55
2007-04-25 11:00:00,1.94,0.08,232.94,8.38,0.0,6.42,16.63
2007-04-25 12:00:00,1.65,0.14,233.77,7.13,0.0,6.0,16.3
2007-04-25 13:00:00,0.32,0.15,235.8,1.57,0.0,0.0,0.0
2007-04-25 14:00:00,0.23,0.14,233.16,1.2,0.0,0.92,0.0
2007-04-25 15:00:00,0.2,0.09,234.32,0.91,0.0,0.0,0.0
2007-04-25 16:00:00,0.21,0.11,236.13,1.0,0.0,0.43,0.0
2007-04-25 17:00:00,0.23,0.15,236.21,1.21,0.0,0.58,0.0
2007-04-25 18:00:00,0.21,0.11,235.96,1.02,0.0,0.0,0.0
2007-04-25 19:00:00,0.86,0.17,236.1,3.91,0.0,0.92,0.0
2007-04-25 20:00:00,1.56,0.22,236.31,6.97,0.0,0.05,6.67
2007-04-25 21:00:00,2.24,0.11,233.24,9.62,0.0,0.28,16.68
2007-04-25 22:00:00,2.8,0.17,234.51,12.04,0.0,5.2,16.85
2007-04-25 23:00:00,0.69,0.09,237.79,2.96,0.0,0.0,6.22
2007-04-26 00:00:00,0.24,0.14,237.19,1.16,0.0,0.97,0.0
2007-04-26 01:00:00,0.17,0.06,235.01,0.85,0.0,0.0,0.0
2007-04-26 02:00:00,0.23,0.13,235.91,1.18,0.0,0.42,0.0
2007-04-26 03:00:00,0.19,0.09,236.17,0.92,0.0,0.52,0.0
2007-04-26 04:00:00,0.17,0.06,234.55,0.87,0.0,0.0,0.0
2007-04-26 05:00:00,0.24,0.14,235.27,1.15,0.0,0.95,0.0
2007-04-26 06:00:00,0.49,0.07,236.92,2.19,0.0,0.0,0.0
2007-04-26 07:00:00,1.41,0.11,232.96,6.08,0.08,0.42,9.07
2007-04-26 08:00:00,2.96,0.12,229.89,13.01,8.37,19.83,16.22
2007-04-26 09:00:00,1.88,0.07,231.64,8.18,8.15,0.47,16.45
2007-04-26 10:00:00,1.5,0.15,232.49,6.54,0.0,1.32,16.57
2007-04-26 11:00:00,0.73,0.05,232.48,3.46,0.0,0.17,5.23
2007-04-26 12:00:00,0.45,0.12,234.33,2.3,0.0,0.83,0.0
2007-04-26 13:00:00,0.51,0.08,234.14,2.49,0.0,0.48,0.0
2007-04-26 14:00:00,0.37,0.09,235.52,1.89,0.0,0.25,0.0
2007-04-26 15:00:00,0.25,0.16,235.84,1.28,0.0,1.08,0.0
2007-04-26 16:00:00,0.17,0.06,237.07,0.84,0.0,0.0,0.0
2007-04-26 17:00:00,0.9,0.13,234.56,3.9,0.0,0.7,10.22
2007-04-26 18:00:00,1.26,0.14,234.12,5.33,0.0,0.32,16.8
2007-04-26 19:00:00,1.29,0.12,235.5,5.48,0.0,0.0,17.0
2007-04-26 20:00:00,2.13,0.21,235.63,9.1,5.25,1.05,11.83
2007-04-26 21:00:00,1.06,0.15,232.84,4.59,0.22,0.0,0.0
2007-04-26 22:00:00,1.87,0.17,235.73,7.99,0.0,0.47,0.0
2007-04-26 23:00:00,0.79,0.1,239.15,3.38,0.0,0.52,0.0
2007-04-27 00:00:00,0.46,0.06,236.6,2.03,0.0,0.0,4.83
2007-04-27 01:00:00,0.61,0.16,235.96,2.69,0.0,0.97,6.05
2007-04-27 02:00:00,0.17,0.06,235.65,0.78,0.0,0.0,0.0
2007-04-27 03:00:00,0.2,0.09,236.22,0.94,0.0,0.4,0.0
2007-04-27 04:00:00,0.2,0.1,234.87,0.97,0.0,0.57,0.0
2007-04-27 05:00:00,0.17,0.06,235.43,0.79,0.0,0.0,0.0
2007-04-27 06:00:00,0.45,0.15,236.18,2.12,0.0,0.95,0.0
2007-04-27 07:00:00,0.67,0.06,235.38,2.92,0.0,0.02,4.52
2007-04-27 08:00:00,0.79,0.11,234.44,3.44,0.0,0.28,9.45
2007-04-27 09:00:00,0.28,0.12,234.52,1.29,0.0,0.62,0.0
2007-04-27 10:00:00,0.41,0.1,232.46,1.93,0.0,0.0,0.0
2007-04-27 11:00:00,0.87,0.15,232.76,3.75,0.0,0.92,9.33
2007-04-27 12:00:00,0.39,0.07,236.4,1.65,0.0,0.0,1.95
2007-04-27 13:00:00,0.42,0.13,236.08,1.81,0.0,0.38,0.0
2007-04-27 14:00:00,0.39,0.11,235.78,1.71,0.0,0.5,0.0
2007-04-27 15:00:00,0.39,0.08,236.52,1.65,0.0,0.0,0.0
2007-04-27 16:00:00,0.44,0.17,235.18,1.97,0.0,0.98,0.0
2007-04-27 17:00:00,0.39,0.08,235.37,1.64,0.0,0.0,0.0
2007-04-27 18:00:00,0.65,0.15,235.62,2.87,0.0,0.5,0.0
2007-04-27 19:00:00,1.7,0.26,235.05,7.51,13.93,0.47,0.0
2007-04-27 20:00:00,1.28,0.11,235.25,5.5,2.65,0.0,10.2
2007-04-27 21:00:00,3.1,0.15,232.33,13.34,12.95,0.88,16.53
2007-04-27 22:00:00,2.54,0.07,233.52,10.88,0.0,0.0,16.4
2007-04-27 23:00:00,1.27,0.13,237.61,5.32,0.0,0.65,0.0
2007-04-28 00:00:00,1.08,0.14,233.99,4.64,0.0,0.86,0.0
2007-04-30 14:00:00,0.22,0.06,234.46,0.97,0.0,0.17,0.0
2007-04-30 15:00:00,0.76,0.12,234.77,3.32,0.0,0.88,8.38
2007-04-30 16:00:00,0.2,0.05,235.81,0.88,0.0,0.0,0.0
2007-04-30 17:00:00,0.28,0.12,234.68,1.3,0.0,0.78,0.0
2007-04-30 18:00:00,0.27,0.07,234.68,1.25,0.0,0.22,0.0
2007-04-30 19:00:00,0.6,0.1,235.62,2.81,0.0,4.42,0.0
2007-04-30 20:00:00,1.23,0.32,235.09,5.5,0.17,0.9,2.97
2007-04-30 21:00:00,1.94,0.11,231.24,8.51,11.77,0.0,7.5
2007-04-30 22:00:00,1.12,0.13,233.75,4.89,8.3,0.85,0.0
2007-04-30 23:00:00,0.47,0.14,238.44,2.07,0.0,0.18,0.0
2007-05-01 00:00:00,0.3,0.15,237.57,1.44,0.0,0.27,0.0
2007-05-01 01:00:00,0.26,0.13,236.39,1.22,0.0,0.73,0.0
2007-05-01 02:00:00,0.2,0.07,236.21,0.89,0.0,0.0,0.0
2007-05-01 03:00:00,0.26,0.15,236.65,1.26,0.0,0.93,0.0
2007-05-01 04:00:00,0.19,0.06,237.06,0.87,0.0,0.07,0.0
2007-05-01 05:00:00,0.34,0.1,237.15,1.49,0.0,0.32,1.93
2007-05-01 06:00:00,0.7,0.12,237.29,2.99,0.0,0.68,7.75
2007-05-01 07:00:00,0.65,0.06,235.65,2.79,0.0,0.0,0.0
2007-05-01 08:00:00,0.57,0.13,235.92,2.65,0.0,0.92,1.93
2007-05-01 09:00:00,1.39,0.06,233.01,5.96,0.0,0.05,16.65
2007-05-01 10:00:00,1.58,0.08,232.13,6.8,0.0,0.3,16.52
2007-05-01 11:00:00,2.23,0.14,231.6,9.63,0.0,0.65,16.45
2007-05-01 12:00:00,1.15,0.07,234.68,4.92,0.0,0.0,1.6
2007-05-01 13:00:00,1.85,0.27,235.32,8.33,16.72,0.9,0.0
2007-05-01 14:00:00,0.92,0.1,235.47,4.07,10.65,0.05,0.0
2007-05-01 15:00:00,1.58,0.09,234.23,6.74,7.83,0.35,13.22
2007-05-01 16:00:00,0.32,0.13,234.46,1.48,0.0,0.62,0.0
2007-05-01 17:00:00,0.28,0.1,234.84,1.29,0.0,0.0,0.0
2007-05-01 18:00:00,1.86,0.29,231.45,8.34,12.27,6.8,0.0
2007-05-01 19:00:00,2.0,0.26,232.55,8.75,4.23,0.62,11.17
2007-05-01 20:00:00,2.47,0.14,232.86,10.74,6.62,0.48,15.95
2007-05-01 21:00:00,3.45,0.09,229.26,15.24,8.43,0.52,16.13
2007-05-01 22:00:00,2.16,0.07,233.24,9.31,0.0,0.12,16.67
2007-05-01 23:00:00,1.04,0.17,237.3,4.54,0.0,1.22,6.47
2007-05-02 00:00:00,0.39,0.08,238.65,1.93,0.0,0.15,0.0
2007-05-02 01:00:00,0.41,0.08,236.98,2.0,0.0,0.63,0.0
2007-05-02 02:00:00,0.41,0.11,236.28,2.05,0.0,0.73,0.0
2007-05-02 03:00:00,0.38,0.05,236.94,1.89,0.0,0.17,0.0
2007-05-02 04:00:00,0.44,0.13,236.42,2.16,0.0,1.15,0.0
2007-05-02 05:00:00,0.35,0.05,236.84,1.76,0.0,0.05,0.0
2007-05-02 06:00:00,1.39,0.1,236.53,6.08,0.0,0.43,8.28
2007-05-02 07:00:00,1.76,0.14,234.27,7.47,0.0,0.52,16.83
2007-05-02 08:00:00,1.23,0.05,233.17,5.23,0.0,0.0,16.67
2007-05-02 09:00:00,0.28,0.16,233.31,1.39,0.0,0.95,0.45
2007-05-02 10:00:00,0.18,0.06,234.01,0.84,0.0,0.0,0.0
2007-05-02 11:00:00,0.28,0.14,233.87,1.39,0.0,0.52,0.0
2007-05-02 12:00:00,0.65,0.17,234.82,3.06,0.0,6.03,0.0
2007-05-02 13:00:00,0.28,0.09,235.91,1.39,0.0,0.0,0.0
2007-05-02 14:00:00,0.28,0.15,234.41,1.39,0.0,0.98,0.0
2007-05-02 15:00:00,0.56,0.09,236.25,2.39,0.0,0.0,2.4
2007-05-02 16:00:00,0.67,0.12,237.03,2.93,0.0,0.58,7.47
2007-05-02 17:00:00,0.22,0.12,236.93,1.05,0.0,0.33,0.0
2007-05-02 18:00:00,0.25,0.09,235.0,1.19,0.0,0.05,0.0
2007-05-02 19:00:00,0.61,0.24,235.48,2.85,0.0,0.88,0.0
2007-05-02 20:00:00,1.01,0.1,234.47,4.6,0.0,4.85,0.0
2007-05-02 21:00:00,1.81,0.13,234.36,7.87,0.0,1.3,10.47
2007-05-02 22:00:00,1.29,0.13,236.17,5.65,0.0,0.2,0.0
2007-05-02 23:00:00,1.6,0.08,235.87,6.85,0.12,4.32,0.0
2007-05-03 00:00:00,2.23,0.2,234.88,9.72,13.0,18.25,0.0
2007-05-03 01:00:00,0.53,0.08,237.39,2.3,3.62,0.58,0.0
2007-05-03 02:00:00,0.25,0.12,236.69,1.22,0.0,1.03,0.0
2007-05-03 03:00:00,0.25,0.09,235.4,1.15,0.0,0.37,0.0
2007-05-03 04:00:00,0.88,0.06,234.48,3.77,0.0,0.43,11.12
2007-05-03 05:00:00,0.25,0.13,234.47,1.19,0.0,0.88,0.0
2007-05-03 06:00:00,0.63,0.07,233.9,2.83,0.0,0.17,0.0
2007-05-03 07:00:00,0.96,0.12,235.06,4.16,0.0,1.05,7.53
2007-05-03 08:00:00,1.19,0.11,231.66,5.07,0.0,0.17,16.47
2007-05-03 09:00:00,1.19,0.06,233.77,5.03,0.0,0.3,16.75
2007-05-03 10:00:00,0.21,0.11,233.54,1.05,0.0,0.67,0.1
2007-05-03 11:00:00,0.17,0.05,233.17,0.83,0.0,0.0,0.0
2007-05-03 12:00:00,0.23,0.13,234.32,1.06,0.0,0.92,0.0
2007-05-03 13:00:00,0.18,0.07,235.8,0.89,0.0,0.03,0.0
2007-05-03 14:00:00,0.23,0.09,235.0,1.11,0.0,0.33,0.0
2007-05-03 15:00:00,0.32,0.17,236.41,1.59,0.0,0.65,0.0
2007-05-03 16:00:00,0.24,0.09,236.32,1.15,0.0,0.0,0.0
2007-05-03 17:00:00,0.25,0.15,237.39,1.26,0.0,0.9,0.0
2007-05-03 18:00:00,0.71,0.13,236.47,3.1,0.0,0.08,6.98
2007-05-03 19:00:00,0.66,0.12,236.59,2.89,0.0,0.25,5.95
2007-05-03 20:00:00,1.3,0.12,235.26,5.49,0.0,0.7,15.58
2007-05-03 21:00:00,2.36,0.08,230.94,10.17,8.6,0.0,16.37
2007-05-03 22:00:00,1.76,0.12,235.53,7.43,6.55,0.9,17.0
2007-05-03 23:00:00,1.2,0.07,238.78,4.94,0.0,0.08,16.75
2007-05-04 00:00:00,0.18,0.07,238.03,0.85,0.0,0.23,0.0
2007-05-04 01:00:00,0.23,0.14,237.1,1.13,0.0,0.75,0.0
2007-05-04 02:00:00,0.18,0.07,237.77,0.9,0.0,0.0,0.0
2007-05-04 03:00:00,0.21,0.12,238.68,1.04,0.0,0.78,0.0
2007-05-04 04:00:00,0.2,0.09,238.05,0.95,0.0,0.17,0.0
2007-05-04 05:00:00,0.18,0.07,237.48,0.85,0.0,0.12,0.0
2007-05-04 06:00:00,1.22,0.14,237.54,5.28,0.0,0.83,8.53
2007-05-04 07:00:00,1.37,0.05,235.7,5.79,0.0,0.0,17.03
2007-05-04 08:00:00,0.59,0.12,233.17,2.62,0.0,0.7,6.03
2007-05-04 09:00:00,0.21,0.11,233.22,1.06,0.0,0.25,0.0
2007-05-04 10:00:00,0.17,0.05,234.58,0.78,0.0,0.0,0.0
2007-05-04 11:00:00,0.25,0.15,233.75,1.24,0.0,0.92,0.0
2007-05-04 12:00:00,0.17,0.05,235.11,0.8,0.0,0.0,0.0
2007-05-04 13:00:00,0.37,0.16,235.25,1.83,0.0,0.62,0.0
2007-05-04 14:00:00,0.34,0.13,234.59,1.7,0.0,0.35,0.0
2007-05-04 15:00:00,0.27,0.06,237.28,1.28,0.0,0.0,0.0
2007-05-04 16:00:00,0.7,0.17,236.04,3.05,0.0,0.95,6.92
2007-05-04 17:00:00,0.38,0.06,236.44,1.67,0.0,0.0,3.38
2007-05-04 18:00:00,0.3,0.13,233.92,1.46,0.0,0.5,0.0
2007-05-04 19:00:00,1.13,0.12,232.86,4.91,0.0,0.47,0.0
2007-05-04 20:00:00,3.16,0.35,230.67,13.83,20.98,0.0,7.13
2007-05-04 21:00:00,2.29,0.28,233.3,9.94,3.57,0.97,5.95
2007-05-04 22:00:00,1.5,0.1,237.41,6.38,9.23,0.0,1.8
2007-05-04 23:00:00,1.05,0.13,239.14,4.52,3.87,0.37,9.72
2007-05-05 00:00:00,0.66,0.11,237.62,2.97,7.73,0.57,0.0
2007-05-05 01:00:00,0.19,0.09,235.51,0.98,0.0,0.0,0.0
2007-05-05 02:00:00,0.23,0.14,235.19,1.14,0.0,0.92,0.0
2007-05-05 03:00:00,0.17,0.06,236.86,0.83,0.0,0.0,0.0
2007-05-05 04:00:00,0.21,0.11,236.97,1.06,0.0,0.35,0.0
2007-05-05 05:00:00,0.2,0.1,237.06,0.92,0.0,0.57,0.0
2007-05-05 06:00:00,0.18,0.07,236.78,0.86,0.0,0.0,0.0
2007-05-05 07:00:00,1.07,0.13,234.77,4.59,0.0,0.9,11.42
2007-05-05 08:00:00,1.58,0.08,234.2,6.78,0.0,0.0,16.82
2007-05-05 09:00:00,1.78,0.1,233.25,7.62,0.0,6.68,16.7
2007-05-05 10:00:00,0.58,0.12,237.35,2.56,0.0,1.23,4.23
2007-05-05 11:00:00,0.37,0.1,236.26,1.74,0.0,0.0,0.0
2007-05-05 12:00:00,0.42,0.17,236.22,2.03,0.0,0.87,0.0
2007-05-05 13:00:00,0.46,0.14,236.73,2.2,0.0,0.05,0.13
2007-05-05 14:00:00,3.24,0.14,233.45,13.99,11.25,23.07,12.95
2007-05-05 15:00:00,1.1,0.14,235.65,4.73,2.1,1.93,6.83
2007-05-05 16:00:00,1.93,0.06,234.21,8.18,7.72,0.6,16.82
2007-05-05 17:00:00,1.49,0.15,232.53,6.39,0.0,1.12,16.6
2007-05-05 18:00:00,1.73,0.16,233.24,7.53,0.0,0.17,16.68
2007-05-05 19:00:00,1.44,0.2,235.34,6.17,0.0,0.63,14.08
2007-05-05 20:00:00,1.39,0.22,233.01,6.12,5.05,0.92,5.22
2007-05-05 21:00:00,1.89,0.1,231.03,8.2,6.22,0.0,16.38
2007-05-05 22:00:00,2.07,0.12,232.96,8.91,8.48,0.72,16.65
2007-05-05 23:00:00,1.67,0.1,234.63,7.18,0.0,0.27,16.87
2007-05-06 00:00:00,1.09,0.07,234.92,4.9,0.0,0.02,2.77
2007-05-06 01:00:00,0.69,0.14,235.73,3.32,0.0,0.97,0.0
2007-05-06 02:00:00,0.66,0.07,236.22,3.08,0.0,0.0,0.0
2007-05-06 03:00:00,1.26,0.1,236.07,5.54,0.0,0.48,10.22
2007-05-06 04:00:00,0.73,0.1,236.13,3.45,0.0,0.5,0.0
2007-05-06 05:00:00,0.76,0.06,236.88,3.51,0.0,0.0,0.0
2007-05-06 06:00:00,1.52,0.14,237.0,6.66,0.0,0.85,0.0
2007-05-06 07:00:00,0.88,0.07,236.96,3.85,0.0,0.08,0.0
2007-05-06 08:00:00,2.91,0.05,232.76,12.58,0.0,0.0,5.3
2007-05-06 09:00:00,2.82,0.1,231.32,12.22,0.0,0.92,9.67
2007-05-06 10:00:00,0.38,0.06,234.37,1.88,0.0,0.0,0.0
2007-05-06 11:00:00,0.44,0.09,235.05,2.11,0.0,0.43,0.0
2007-05-06 12:00:00,1.11,0.17,233.4,4.98,0.0,0.5,4.48
2007-05-06 13:00:00,1.57,0.2,235.34,6.71,0.0,0.23,16.98
2007-05-06 14:00:00,1.4,0.18,235.06,5.98,0.28,1.55,16.95
2007-05-06 15:00:00,1.49,0.19,235.37,6.54,13.8,1.38,5.08
2007-05-06 16:00:00,0.97,0.11,236.29,4.19,8.93,0.12,0.0
2007-05-06 17:00:00,0.53,0.09,235.78,2.31,0.0,0.32,0.0
2007-05-06 18:00:00,1.25,0.11,234.92,5.32,0.0,0.63,14.73
2007-05-06 19:00:00,2.45,0.2,229.65,10.81,16.53,0.0,16.18
2007-05-06 20:00:00,2.48,0.37,230.67,10.95,14.02,0.8,16.33
2007-05-06 21:00:00,2.88,0.12,230.14,12.5,0.02,0.1,16.27
2007-05-06 22:00:00,3.02,0.11,230.38,13.14,0.0,4.97,16.28
2007-05-06 23:00:00,1.72,0.15,235.41,7.28,0.0,0.97,17.0
2007-05-07 00:00:00,1.04,0.06,237.41,4.32,0.0,0.0,14.08
2007-05-07 01:00:00,0.23,0.12,237.28,1.08,0.0,0.65,0.0
2007-05-07 02:00:00,0.19,0.07,236.52,0.89,0.0,0.3,0.0
2007-05-07 03:00:00,0.2,0.08,237.1,0.97,0.0,0.0,0.0
2007-05-07 04:00:00,0.22,0.11,236.7,1.12,0.0,0.92,0.0
2007-05-07 05:00:00,0.18,0.05,234.74,0.84,0.0,0.0,0.0
2007-05-07 06:00:00,0.23,0.1,236.7,1.12,0.0,0.5,0.0
2007-05-07 07:00:00,1.25,0.08,236.24,5.36,0.0,0.43,3.68
2007-05-07 08:00:00,3.4,0.07,230.91,14.86,7.47,21.15,16.37
2007-05-07 09:00:00,3.22,0.14,230.05,14.06,8.3,20.12,16.25
2007-05-07 10:00:00,2.56,0.07,229.14,11.29,0.0,20.7,16.12
2007-05-07 11:00:00,1.02,0.16,231.45,4.51,0.0,1.55,8.35
2007-05-07 12:00:00,1.5,0.08,233.11,6.45,0.0,0.57,16.67
2007-05-07 13:00:00,1.89,0.25,232.62,8.23,0.0,5.0,16.6
2007-05-07 14:00:00,0.89,0.09,233.87,3.78,0.0,0.63,10.7
2007-05-07 15:00:00,0.22,0.1,237.03,1.03,0.0,0.3,0.0
2007-05-07 16:00:00,0.49,0.16,235.96,2.33,0.0,0.68,0.0
2007-05-07 17:00:00,0.55,0.2,234.8,2.49,0.0,0.0,1.23
2007-05-07 18:00:00,1.71,0.16,233.11,7.28,0.0,0.88,16.68
2007-05-07 19:00:00,1.15,0.08,235.34,4.89,0.0,0.03,7.02
2007-05-07 20:00:00,0.23,0.09,235.48,1.06,0.0,0.28,0.0
2007-05-07 21:00:00,2.3,0.21,231.74,10.03,0.0,6.85,8.62
2007-05-07 22:00:00,1.8,0.1,234.26,7.67,0.0,0.0,4.85
2007-05-07 23:00:00,0.91,0.16,237.3,3.88,0.0,0.7,0.0
2007-05-08 00:00:00,0.91,0.12,234.45,3.88,0.0,0.27,0.0
2007-05-08 01:00:00,0.58,0.13,235.68,2.46,0.0,0.0,0.0
2007-05-08 02:00:00,0.35,0.13,235.78,1.59,0.0,0.98,0.0
2007-05-08 03:00:00,0.47,0.05,236.91,1.94,0.0,0.0,0.0
2007-05-08 04:00:00,0.53,0.11,236.94,2.26,0.0,0.52,0.0
2007-05-08 05:00:00,0.52,0.09,235.76,2.27,0.0,0.43,4.05
2007-05-08 06:00:00,0.46,0.05,236.76,1.99,0.0,0.0,4.47
2007-05-08 07:00:00,0.26,0.13,234.33,1.21,0.0,0.98,0.0
2007-05-08 08:00:00,0.64,0.06,233.51,2.8,0.0,0.0,0.0
2007-05-08 09:00:00,1.03,0.09,235.26,4.35,0.0,0.22,10.72
2007-05-08 10:00:00,0.9,0.11,235.96,3.81,0.0,0.73,10.7
2007-05-08 11:00:00,1.89,0.06,234.98,8.05,11.05,0.57,14.93
2007-05-08 12:00:00,4.72,0.49,230.77,20.71,25.72,23.23,16.35
2007-05-08 13:00:00,2.0,0.3,234.71,8.61,5.68,0.78,16.88
2007-05-08 14:00:00,2.23,0.25,234.02,9.63,9.32,0.38,16.8
2007-05-08 15:00:00,1.97,0.12,234.49,8.42,8.67,1.05,16.87
2007-05-08 16:00:00,0.58,0.04,236.89,2.51,0.0,0.17,3.85
2007-05-08 17:00:00,0.71,0.08,235.64,3.09,0.0,0.9,0.0
2007-05-08 18:00:00,0.89,0.12,235.24,3.82,0.0,0.43,0.0
2007-05-08 19:00:00,0.92,0.07,233.34,3.96,0.0,0.07,1.2
2007-05-08 20:00:00,1.78,0.12,233.18,7.6,0.02,0.93,10.07
2007-05-08 21:00:00,2.05,0.06,232.33,8.86,8.13,0.0,0.0
2007-05-08 22:00:00,2.12,0.13,234.55,9.08,7.77,0.6,2.8
2007-05-08 23:00:00,1.33,0.13,236.29,5.64,0.0,0.27,16.6
2007-05-09 00:00:00,0.19,0.08,235.35,0.94,0.0,0.02,0.0
2007-05-09 01:00:00,0.22,0.13,236.11,1.11,0.0,0.9,0.0
2007-05-09 02:00:00,0.18,0.07,236.86,0.82,0.0,0.0,0.0
2007-05-09 03:00:00,0.21,0.11,237.36,1.0,0.0,0.63,0.0
2007-05-09 04:00:00,0.2,0.1,236.78,0.96,0.0,0.3,0.0
2007-05-09 05:00:00,0.19,0.08,236.19,0.92,0.0,0.0,0.0
2007-05-09 06:00:00,1.61,0.13,233.8,7.05,0.0,0.92,7.72
2007-05-09 07:00:00,1.59,0.05,232.24,6.83,0.0,0.0,16.55
2007-05-09 08:00:00,1.25,0.1,232.96,5.36,0.0,0.48,16.65
2007-05-09 09:00:00,1.2,0.09,232.04,5.13,0.0,0.42,16.52
2007-05-09 10:00:00,1.17,0.05,231.78,5.02,0.0,0.0,16.48
2007-05-09 11:00:00,1.04,0.15,233.41,4.59,0.0,3.1,10.13
2007-05-09 12:00:00,0.41,0.1,235.15,1.95,0.0,0.57,0.0
2007-05-09 13:00:00,1.83,0.15,234.22,8.03,0.0,26.05,0.0
2007-05-09 14:00:00,1.3,0.21,233.37,5.9,0.0,18.2,0.0
2007-05-09 15:00:00,1.6,0.08,234.13,6.91,0.0,21.78,0.0
2007-05-09 16:00:00,1.22,0.19,234.64,5.53,0.0,16.95,0.0
2007-05-09 17:00:00,0.22,0.08,236.95,1.05,0.0,0.58,0.0
2007-05-09 18:00:00,0.81,0.16,236.7,3.52,0.0,0.82,8.2
2007-05-09 19:00:00,2.81,0.22,234.06,12.11,18.92,0.48,16.8
2007-05-09 20:00:00,2.89,0.27,235.38,12.56,14.18,0.03,16.97
2007-05-09 21:00:00,2.89,0.24,234.07,12.42,8.42,0.98,16.8
2007-05-09 22:00:00,2.33,0.1,235.54,9.9,8.78,0.0,15.08
2007-05-09 23:00:00,0.39,0.15,237.89,1.75,0.0,0.63,0.0
2007-05-10 00:00:00,0.2,0.1,236.73,0.97,0.0,0.35,0.0
2007-05-10 01:00:00,0.69,0.06,235.38,2.96,0.0,0.0,8.4
2007-05-10 02:00:00,0.36,0.13,235.85,1.66,0.0,0.93,2.28
2007-05-10 03:00:00,0.17,0.05,236.98,0.81,0.0,0.0,0.0
2007-05-10 04:00:00,0.21,0.11,236.95,1.02,0.0,0.5,0.0
2007-05-10 05:00:00,0.19,0.09,236.79,0.93,0.0,0.43,0.0
2007-05-10 06:00:00,0.4,0.05,238.37,1.84,0.0,0.0,0.0
2007-05-10 07:00:00,0.99,0.17,234.91,4.28,0.0,1.02,8.62
2007-05-10 08:00:00,0.63,0.08,235.46,2.72,0.0,0.02,7.27
2007-05-10 09:00:00,0.18,0.07,233.33,0.84,0.0,0.15,0.0
2007-05-10 10:00:00,0.21,0.11,232.71,1.06,0.0,0.73,0.0
2007-05-10 11:00:00,0.19,0.07,234.31,0.85,0.0,0.0,0.0
2007-05-10 12:00:00,0.23,0.14,236.5,1.14,0.0,0.73,0.0
2007-05-10 13:00:00,0.19,0.09,236.45,0.93,0.0,0.22,0.0
2007-05-10 14:00:00,0.17,0.05,235.92,0.8,0.0,0.0,0.0
2007-05-10 15:00:00,0.24,0.16,236.15,1.23,0.0,0.95,0.0
2007-05-10 16:00:00,0.31,0.08,236.69,1.39,0.0,0.0,2.0
2007-05-10 17:00:00,0.75,0.1,234.74,3.29,0.0,0.55,9.07
2007-05-10 18:00:00,0.27,0.11,235.78,1.29,0.0,0.38,0.0
2007-05-10 19:00:00,0.59,0.25,235.61,2.83,0.0,0.0,0.0
2007-05-10 20:00:00,1.96,0.36,234.48,8.57,7.2,0.97,12.23
2007-05-10 21:00:00,1.81,0.09,234.07,7.75,8.57,0.0,4.48
2007-05-10 22:00:00,0.57,0.14,237.56,2.55,0.0,0.38,0.0
2007-05-10 23:00:00,0.26,0.15,237.35,1.24,0.0,0.58,0.0
2007-05-11 00:00:00,0.19,0.05,234.57,0.91,0.0,0.0,0.0
2007-05-11 01:00:00,0.22,0.12,234.33,1.06,0.0,0.87,0.0
2007-05-11 02:00:00,0.19,0.09,236.25,0.97,0.0,0.05,0.0
2007-05-11 03:00:00,0.18,0.07,237.33,0.86,0.0,0.22,0.0
2007-05-11 04:00:00,0.2,0.11,236.72,0.98,0.0,0.73,0.0
2007-05-11 05:00:00,0.82,0.04,235.26,3.5,0.0,0.0,10.8
2007-05-11 06:00:00,0.22,0.11,236.7,1.06,0.0,0.7,0.0
2007-05-11 07:00:00,1.11,0.08,236.04,4.85,0.0,0.22,6.3
2007-05-11 08:00:00,1.38,0.05,233.59,5.92,0.0,0.0,16.73
2007-05-11 09:00:00,1.41,0.11,233.08,6.09,0.0,0.9,16.67
2007-05-11 10:00:00,0.59,0.05,233.49,2.8,0.0,0.0,3.43
2007-05-11 11:00:00,0.52,0.12,232.97,2.6,0.0,0.5,0.0
2007-05-11 12:00:00,0.25,0.08,234.28,1.24,0.0,0.4,0.0
2007-05-11 13:00:00,0.28,0.05,233.83,1.44,0.0,0.0,0.0
2007-05-11 14:00:00,0.43,0.13,234.87,2.16,0.0,0.87,0.0
2007-05-11 15:00:00,0.42,0.09,236.58,2.17,0.0,0.0,0.0
2007-05-11 16:00:00,0.79,0.09,235.02,3.47,0.0,0.43,8.7
2007-05-11 17:00:00,1.25,0.1,235.25,5.24,0.0,0.45,16.97
2007-05-11 18:00:00,0.64,0.08,235.2,2.73,0.0,0.0,6.77
2007-05-11 19:00:00,0.33,0.18,235.21,1.64,0.0,0.92,0.0
2007-05-11 20:00:00,0.48,0.08,236.13,2.03,0.0,0.0,0.0
2007-05-11 21:00:00,2.18,0.12,233.8,9.35,9.65,0.42,12.53
2007-05-11 22:00:00,1.32,0.13,236.78,5.62,5.78,0.52,0.0
2007-05-11 23:00:00,0.95,0.08,238.25,3.98,0.0,0.0,8.95
2007-05-12 00:00:00,0.37,0.16,234.52,1.71,0.0,0.92,1.75
2007-05-12 01:00:00,0.2,0.06,234.22,0.88,0.0,0.0,0.0
2007-05-12 02:00:00,0.22,0.08,233.8,1.03,0.0,0.2,0.0
2007-05-12 03:00:00,0.27,0.16,235.12,1.33,0.0,0.73,0.0
2007-05-12 04:00:00,0.2,0.06,234.71,0.89,0.0,0.0,0.0
2007-05-12 05:00:00,0.24,0.11,234.53,1.1,0.0,0.67,0.0
2007-05-12 06:00:00,0.21,0.08,234.89,0.96,0.0,0.25,0.0
2007-05-12 07:00:00,0.96,0.09,233.54,4.27,0.0,0.0,5.47
2007-05-12 08:00:00,1.33,0.14,233.91,5.73,0.0,0.88,15.6
2007-05-12 09:00:00,1.28,0.07,233.68,5.44,0.0,0.0,16.75
2007-05-12 10:00:00,1.33,0.17,234.86,5.71,0.0,0.43,16.92
2007-05-12 11:00:00,0.52,0.18,234.58,2.39,0.0,0.22,2.62
2007-05-12 12:00:00,0.39,0.23,236.15,1.87,0.0,1.18,0.0
2007-05-12 13:00:00,1.0,0.29,235.34,4.59,0.0,1.13,2.73
2007-05-12 14:00:00,2.61,0.09,232.17,11.28,7.8,7.98,16.55
2007-05-12 15:00:00,1.96,0.12,232.75,8.4,7.77,0.5,16.62
2007-05-12 16:00:00,1.3,0.14,235.37,5.49,0.0,0.55,16.98
2007-05-12 17:00:00,0.9,0.08,235.31,3.86,0.0,0.0,11.23
2007-05-12 18:00:00,0.88,0.23,235.64,3.89,0.0,0.78,7.57
2007-05-12 19:00:00,2.13,0.29,234.77,9.11,7.1,0.0,16.9
2007-05-12 20:00:00,1.41,0.2,235.75,6.13,2.42,0.75,6.02
2007-05-12 21:00:00,2.91,0.16,233.57,12.5,12.37,0.0,16.73
2007-05-12 22:00:00,0.91,0.15,235.75,3.94,0.0,0.73,3.03
2007-05-12 23:00:00,0.5,0.15,238.42,2.17,0.0,0.0,0.0
2007-05-13 00:00:00,0.43,0.17,238.85,1.95,0.0,0.57,0.0
2007-05-13 01:00:00,0.81,0.11,236.14,3.51,0.0,0.17,8.92
2007-05-13 02:00:00,0.28,0.09,237.0,1.27,0.0,0.27,1.0
2007-05-13 03:00:00,0.26,0.15,238.14,1.27,0.0,0.45,0.0
2007-05-13 04:00:00,0.22,0.09,238.43,1.03,0.0,0.0,0.0
2007-05-13 05:00:00,0.41,0.14,238.24,1.9,0.0,0.73,0.0
2007-05-13 06:00:00,0.76,0.1,238.92,3.23,0.0,0.0,0.0
2007-05-13 07:00:00,0.26,0.15,237.91,1.26,0.0,0.73,0.0
2007-05-13 08:00:00,1.04,0.06,233.64,4.56,0.0,0.0,7.17
2007-05-13 09:00:00,0.35,0.11,233.39,1.61,0.0,0.5,1.23
2007-05-13 10:00:00,0.4,0.12,236.83,1.9,0.0,0.23,0.0
2007-05-13 11:00:00,0.99,0.2,233.36,4.61,0.0,6.8,0.47
2007-05-13 12:00:00,2.68,0.24,230.63,11.71,15.13,3.67,16.35
2007-05-13 13:00:00,2.13,0.22,233.68,9.27,2.8,6.23,16.75
2007-05-13 14:00:00,2.56,0.13,232.44,11.08,10.93,10.27,16.58
2007-05-13 15:00:00,1.92,0.15,235.58,8.17,3.65,6.75,17.0
2007-05-13 16:00:00,2.3,0.3,235.38,9.96,6.02,0.57,12.43
2007-05-13 17:00:00,1.98,0.24,235.11,8.77,18.9,0.58,8.63
2007-05-13 18:00:00,1.13,0.26,235.3,4.99,2.77,0.0,5.53
2007-05-13 19:00:00,1.74,0.2,233.74,7.55,0.0,0.58,16.75
2007-05-13 20:00:00,1.97,0.13,234.63,8.46,0.0,0.0,16.88
2007-05-13 21:00:00,1.36,0.12,235.37,5.78,0.0,0.57,3.6
2007-05-13 22:00:00,0.83,0.07,236.04,3.53,0.0,0.02,0.0
2007-05-13 23:00:00,0.43,0.14,238.27,1.9,0.0,0.55,0.0
2007-05-14 00:00:00,0.28,0.09,236.59,1.3,0.0,0.13,0.0
2007-05-14 01:00:00,0.8,0.11,236.35,3.48,0.0,0.43,8.52
2007-05-14 02:00:00,0.28,0.09,237.85,1.31,0.0,0.23,0.0
2007-05-14 03:00:00,0.27,0.09,238.62,1.26,0.0,0.33,0.0
2007-05-14 04:00:00,0.28,0.1,237.84,1.34,0.0,0.32,0.0
2007-05-14 05:00:00,0.28,0.1,237.54,1.35,0.0,0.23,0.0
2007-05-14 06:00:00,0.3,0.11,237.35,1.42,0.0,0.4,0.0
2007-05-14 07:00:00,2.17,0.07,233.58,9.34,0.0,0.15,16.37
2007-05-14 08:00:00,1.45,0.21,233.05,6.27,0.0,0.47,16.65
2007-05-14 09:00:00,1.31,0.23,230.84,5.72,0.0,0.08,16.07
2007-05-14 10:00:00,0.4,0.33,233.91,2.19,0.0,0.55,0.0
2007-05-14 11:00:00,0.34,0.25,234.8,1.78,0.0,0.0,0.0
2007-05-14 12:00:00,0.38,0.31,237.77,2.04,0.0,0.55,0.0
2007-05-14 13:00:00,0.4,0.26,237.74,2.0,0.0,0.0,0.0
2007-05-14 14:00:00,0.38,0.29,236.0,1.99,0.0,0.57,0.0
2007-05-14 15:00:00,0.43,0.25,236.69,2.22,0.0,0.0,0.0
2007-05-14 16:00:00,0.54,0.31,236.17,2.79,0.0,0.55,0.0
2007-05-14 17:00:00,0.69,0.29,235.49,3.25,2.97,0.0,0.0
2007-05-14 18:00:00,2.84,0.38,232.68,12.49,22.85,6.47,9.63
2007-05-14 19:00:00,2.07,0.44,231.92,9.48,6.55,1.22,0.0
2007-05-14 20:00:00,2.02,0.3,234.3,8.8,7.33,0.57,3.72
2007-05-14 21:00:00,3.56,0.09,233.8,15.33,4.4,22.58,10.55
2007-05-14 22:00:00,1.88,0.13,236.6,8.04,8.83,4.13,0.0
2007-05-14 23:00:00,1.1,0.12,239.1,4.62,0.0,0.32,10.45
2007-05-15 00:00:00,0.35,0.09,236.8,1.54,0.0,0.27,0.0
2007-05-15 01:00:00,0.34,0.08,235.47,1.52,0.0,0.47,0.0
2007-05-15 02:00:00,0.32,0.06,236.16,1.41,0.0,0.08,0.0
2007-05-15 03:00:00,0.36,0.08,236.45,1.6,0.0,0.55,0.0
2007-05-15 04:00:00,0.33,0.08,236.08,1.49,0.0,0.0,0.0
2007-05-15 05:00:00,0.35,0.1,236.61,1.56,0.0,0.53,0.0
2007-05-15 06:00:00,0.53,0.06,235.51,2.34,0.0,0.0,0.0
2007-05-15 07:00:00,1.22,0.09,234.44,5.25,0.0,0.53,9.47
2007-05-15 08:00:00,1.36,0.08,233.73,5.74,0.0,0.0,16.75
2007-05-15 09:00:00,1.37,0.08,231.5,5.89,0.0,0.53,16.45
2007-05-15 10:00:00,1.33,0.06,233.28,5.63,0.0,0.0,16.68
2007-05-15 11:00:00,0.67,0.09,234.04,2.94,0.0,0.53,5.25
2007-05-15 12:00:00,0.33,0.05,235.76,1.46,0.0,0.0,0.0
2007-05-15 13:00:00,0.38,0.1,236.31,1.67,0.0,0.53,0.0
2007-05-15 14:00:00,0.33,0.04,234.37,1.47,0.0,0.0,0.0
2007-05-15 15:00:00,0.36,0.08,235.76,1.62,0.0,0.55,0.0
2007-05-15 16:00:00,0.33,0.05,236.0,1.46,0.0,0.08,0.0
2007-05-15 17:00:00,0.37,0.09,235.97,1.66,0.0,0.47,0.0
2007-05-15 18:00:00,0.78,0.1,235.14,3.38,0.0,0.22,6.1
2007-05-15 19:00:00,0.8,0.09,237.04,3.39,0.0,0.35,7.28
2007-05-15 20:00:00,0.49,0.09,237.68,2.19,0.0,0.38,0.0
2007-05-15 21:00:00,0.53,0.06,235.97,2.53,0.0,0.17,0.0
2007-05-15 22:00:00,0.74,0.1,235.75,3.24,0.0,0.5,0.0
2007-05-15 23:00:00,1.12,0.07,238.88,4.62,0.0,0.05,10.65
2007-05-16 00:00:00,0.58,0.08,239.28,2.48,0.0,0.53,4.6
2007-05-16 01:00:00,0.26,0.05,238.14,1.07,0.0,0.0,0.0
2007-05-16 02:00:00,0.3,0.09,236.73,1.29,0.0,0.55,0.0
2007-05-16 03:00:00,0.27,0.06,235.88,1.11,0.0,0.0,0.0
2007-05-16 04:00:00,0.29,0.09,235.68,1.25,0.0,0.53,0.0
2007-05-16 05:00:00,0.26,0.05,235.92,1.1,0.0,0.0,0.0
2007-05-16 06:00:00,1.11,0.08,235.94,4.85,0.0,0.55,6.7
2007-05-16 07:00:00,1.7,0.05,234.15,7.2,0.0,0.0,16.82
2007-05-16 08:00:00,2.18,0.09,232.51,9.33,8.33,0.53,16.58
2007-05-16 09:00:00,1.77,0.03,232.82,7.57,8.43,0.0,16.63
2007-05-16 10:00:00,1.87,0.09,233.88,8.01,0.0,8.02,16.77
2007-05-16 11:00:00,1.36,0.04,234.39,5.76,0.0,0.0,16.83
2007-05-16 12:00:00,2.81,0.14,232.39,12.23,0.0,20.82,16.57
2007-05-16 13:00:00,2.52,0.27,233.36,10.97,0.0,29.57,0.98
2007-05-16 14:00:00,0.78,0.11,234.44,3.61,0.0,4.03,0.0
2007-05-16 15:00:00,0.45,0.11,236.72,2.11,0.0,1.25,0.0
2007-05-16 16:00:00,0.48,0.05,235.78,2.14,0.0,0.55,2.18
2007-05-16 17:00:00,1.17,0.11,235.58,4.96,0.0,0.58,14.07
2007-05-16 18:00:00,1.28,0.1,235.17,5.62,0.0,16.22,0.0
2007-05-16 19:00:00,1.0,0.14,235.71,4.46,0.0,10.93,0.0
2007-05-16 20:00:00,1.58,0.12,236.06,6.67,0.0,0.48,5.15
2007-05-16 21:00:00,2.12,0.09,232.38,9.15,9.38,0.22,6.0
2007-05-16 22:00:00,1.41,0.13,235.24,5.99,5.02,0.57,11.4
2007-05-16 23:00:00,0.65,0.09,238.1,2.8,5.72,0.0,0.0
2007-05-17 00:00:00,0.32,0.11,238.09,1.47,0.0,0.57,0.0
2007-05-17 01:00:00,0.27,0.05,237.99,1.22,0.0,0.0,0.0
2007-05-17 02:00:00,0.31,0.1,238.29,1.41,0.0,0.57,0.0
2007-05-17 03:00:00,0.3,0.09,237.38,1.36,0.0,0.0,0.0
2007-05-17 04:00:00,0.31,0.1,236.82,1.41,0.0,0.57,0.0
2007-05-17 05:00:00,0.27,0.05,236.66,1.21,0.0,0.0,0.0
2007-05-17 06:00:00,0.31,0.1,237.34,1.43,0.0,0.57,0.0
2007-05-17 07:00:00,1.0,0.08,235.49,4.36,0.0,0.0,6.63
2007-05-17 08:00:00,0.77,0.13,237.63,3.32,0.0,0.57,5.77
2007-05-17 09:00:00,0.82,0.05,235.38,3.56,0.0,7.53,0.0
2007-05-17 10:00:00,0.39,0.08,233.79,1.72,0.0,0.55,0.12
2007-05-17 11:00:00,2.26,0.11,233.3,9.78,0.0,18.98,13.78
2007-05-17 12:00:00,0.33,0.11,235.56,1.52,0.0,0.7,0.0
2007-05-17 13:00:00,0.44,0.13,237.22,1.98,0.0,0.92,0.0
2007-05-17 14:00:00,0.84,0.11,236.06,3.63,0.1,0.17,6.58
2007-05-17 15:00:00,1.31,0.1,237.47,5.64,11.22,0.6,5.08
2007-05-17 16:00:00,0.84,0.07,237.67,3.57,5.58,0.0,0.0
2007-05-17 17:00:00,0.59,0.12,238.17,2.52,0.0,0.57,0.0
2007-05-17 18:00:00,0.82,0.05,235.2,3.51,0.0,0.0,6.85
2007-05-17 19:00:00,1.7,0.1,232.11,7.38,0.0,0.57,16.53
2007-05-17 20:00:00,1.46,0.07,232.57,6.31,0.0,0.05,16.58
2007-05-17 21:00:00,1.75,0.13,231.6,7.61,0.0,0.52,16.47
2007-05-17 22:00:00,1.55,0.08,233.16,6.67,0.0,0.2,16.67
2007-05-17 23:00:00,1.58,0.08,235.88,6.72,0.0,0.37,17.05
2007-05-18 00:00:00,0.7,0.09,238.88,3.04,0.0,0.33,0.03
2007-05-18 01:00:00,0.3,0.09,238.34,1.32,0.0,0.23,0.0
2007-05-18 02:00:00,0.29,0.08,237.66,1.24,0.0,0.45,0.0
2007-05-18 03:00:00,0.26,0.04,238.39,1.09,0.0,0.12,0.0
2007-05-18 04:00:00,0.3,0.08,238.0,1.28,0.0,0.55,0.0
2007-05-18 05:00:00,0.27,0.05,237.97,1.13,0.0,0.0,0.0
2007-05-18 06:00:00,0.31,0.1,237.7,1.38,0.0,0.57,0.0
2007-05-18 07:00:00,1.35,0.05,235.67,5.77,0.0,0.0,11.05
2007-05-18 08:00:00,1.4,0.09,236.71,5.84,0.0,0.57,17.17
2007-05-18 09:00:00,1.3,0.05,236.18,5.45,0.0,0.0,17.1
2007-05-18 10:00:00,1.35,0.07,233.4,5.72,0.0,0.55,16.7
2007-05-18 11:00:00,0.36,0.04,235.45,1.55,0.0,0.0,0.75
2007-05-18 12:00:00,0.37,0.11,236.26,1.61,0.0,0.57,0.0
2007-05-18 13:00:00,0.83,0.1,236.35,3.65,0.07,6.13,0.62
2007-05-18 14:00:00,2.15,0.09,235.18,9.17,11.4,1.88,16.97
2007-05-18 15:00:00,1.52,0.05,235.88,6.44,3.75,0.13,16.38
2007-05-18 16:00:00,0.32,0.06,236.42,1.33,0.0,0.47,0.0
2007-05-18 17:00:00,1.36,0.09,235.29,5.86,0.0,17.07,0.0
2007-05-18 18:00:00,1.13,0.18,234.72,5.06,0.0,10.13,0.0
2007-05-18 19:00:00,1.85,0.35,235.11,8.0,0.72,1.1,13.53
2007-05-18 20:00:00,3.99,0.35,231.55,17.41,21.78,21.92,7.1
2007-05-18 21:00:00,1.8,0.32,233.05,7.87,4.77,1.35,0.0
2007-05-18 22:00:00,3.16,0.23,232.57,13.64,12.02,0.83,15.55
2007-05-18 23:00:00,0.51,0.08,237.15,2.17,0.0,0.27,2.32
2007-05-19 00:00:00,0.33,0.11,238.99,1.44,0.0,0.6,0.0
2007-05-19 01:00:00,0.28,0.05,237.18,1.22,0.0,0.0,0.0
2007-05-19 02:00:00,0.31,0.09,236.17,1.39,0.0,0.57,0.0
2007-05-19 03:00:00,0.3,0.08,234.85,1.35,0.0,0.0,0.0
2007-05-19 04:00:00,0.32,0.08,235.02,1.36,0.0,0.58,0.0
2007-05-19 05:00:00,0.28,0.05,234.6,1.22,0.0,0.08,0.0
2007-05-19 06:00:00,0.31,0.08,235.33,1.32,0.0,0.48,0.0
2007-05-19 07:00:00,1.43,0.05,233.87,6.19,0.0,0.3,10.72
2007-05-19 08:00:00,1.17,0.07,234.02,5.07,7.15,0.25,3.3
2007-05-19 09:00:00,1.29,0.08,234.61,5.59,8.0,0.52,0.0
2007-05-19 10:00:00,1.71,0.17,232.37,7.55,7.5,0.05,8.37
2007-05-19 11:00:00,0.93,0.16,231.71,4.24,0.0,0.9,4.53
2007-05-19 12:00:00,1.3,0.1,233.72,5.85,7.6,0.2,3.75
2007-05-19 13:00:00,2.63,0.27,233.54,11.42,11.97,0.53,16.72
2007-05-19 14:00:00,2.0,0.2,234.53,8.6,7.33,0.68,16.87
2007-05-19 15:00:00,1.62,0.15,234.81,6.89,5.02,0.0,15.23
2007-05-19 16:00:00,1.49,0.21,236.37,6.6,17.43,0.65,0.0
2007-05-19 17:00:00,1.1,0.21,235.91,4.96,6.05,0.33,2.6
2007-05-19 18:00:00,1.58,0.13,233.38,6.72,0.0,0.3,16.7
2007-05-19 19:00:00,1.3,0.1,234.49,5.49,0.0,0.6,14.8
2007-05-19 20:00:00,0.38,0.07,237.25,1.58,0.0,0.0,0.0
2007-05-19 21:00:00,0.4,0.09,235.47,1.73,0.0,0.6,0.0
2007-05-19 22:00:00,0.81,0.07,235.19,3.41,0.0,0.13,0.0
2007-05-19 23:00:00,0.56,0.11,235.27,2.45,0.0,0.47,3.45
2007-05-20 00:00:00,0.64,0.08,236.49,2.78,0.0,0.45,5.47
2007-05-20 01:00:00,0.29,0.06,237.91,1.24,0.0,0.15,0.0
2007-05-20 02:00:00,0.3,0.08,235.3,1.33,0.0,0.57,0.0
2007-05-20 03:00:00,0.29,0.05,236.24,1.25,0.0,0.0,0.0
2007-05-20 04:00:00,0.31,0.08,236.03,1.38,0.0,0.58,0.0
2007-05-20 05:00:00,0.31,0.04,236.08,1.34,0.0,0.0,0.0
2007-05-20 06:00:00,0.94,0.09,236.22,4.1,0.0,0.57,0.0
2007-05-20 07:00:00,0.48,0.06,237.56,2.26,0.0,0.02,0.0
2007-05-20 08:00:00,1.27,0.13,234.54,5.66,0.0,0.55,3.7
2007-05-20 09:00:00,1.22,0.08,233.44,5.4,0.0,0.2,6.13
2007-05-20 10:00:00,1.25,0.12,233.14,5.55,5.02,0.37,0.0
2007-05-20 11:00:00,1.77,0.1,233.6,7.69,10.4,0.37,0.0
2007-05-20 12:00:00,0.94,0.13,234.88,4.1,0.0,0.2,0.0
2007-05-20 13:00:00,1.38,0.1,236.04,5.92,0.0,0.52,12.78
2007-05-20 14:00:00,0.42,0.11,238.1,1.86,0.0,0.05,0.0
2007-05-20 15:00:00,0.77,0.11,238.8,3.3,0.0,4.5,1.52
2007-05-20 16:00:00,1.45,0.07,236.31,6.17,0.0,5.27,10.07
2007-05-20 17:00:00,1.72,0.15,235.88,7.44,0.0,11.25,0.0
2007-05-20 18:00:00,2.45,0.26,234.14,10.73,20.37,0.57,3.57
2007-05-20 19:00:00,3.16,0.27,232.52,13.79,12.08,0.7,16.58
2007-05-20 20:00:00,2.88,0.25,234.09,12.36,7.38,0.02,16.8
2007-05-20 21:00:00,4.1,0.35,231.09,17.86,19.9,0.55,16.38
2007-05-20 22:00:00,2.53,0.2,233.94,10.9,6.92,0.77,16.78
2007-05-20 23:00:00,1.92,0.15,236.03,8.17,8.27,0.68,17.07
2007-05-21 00:00:00,0.99,0.11,236.22,4.17,0.0,0.7,10.6
2007-05-21 01:00:00,0.3,0.06,236.86,1.26,0.0,0.03,0.0
2007-05-21 02:00:00,0.33,0.1,235.32,1.44,0.0,0.63,0.0
2007-05-21 03:00:00,0.31,0.07,235.6,1.32,0.0,0.35,0.0
2007-05-21 04:00:00,0.31,0.06,234.95,1.31,0.0,0.27,0.0
2007-05-21 05:00:00,0.33,0.09,233.91,1.46,0.0,0.58,0.0
2007-05-21 06:00:00,0.43,0.06,235.2,1.93,0.0,0.0,0.0
2007-05-21 07:00:00,1.59,0.12,232.35,6.89,0.0,0.6,8.72
2007-05-21 08:00:00,1.3,0.06,231.8,5.55,0.0,0.0,16.48
2007-05-21 09:00:00,1.3,0.08,230.85,5.6,0.0,0.57,16.35
2007-05-21 10:00:00,1.28,0.05,232.56,5.46,0.0,0.13,16.58
2007-05-21 11:00:00,1.29,0.06,232.02,5.52,0.0,0.45,16.5
2007-05-21 12:00:00,0.41,0.07,233.94,1.81,0.0,0.32,2.03
2007-05-21 13:00:00,0.3,0.08,233.93,1.34,0.0,0.25,0.0
2007-05-21 14:00:00,0.31,0.1,233.79,1.41,0.0,0.48,0.0
2007-05-21 15:00:00,0.28,0.05,235.9,1.22,0.0,0.1,0.0
2007-05-21 16:00:00,0.31,0.09,235.64,1.34,0.0,0.58,0.0
2007-05-21 17:00:00,0.29,0.07,236.89,1.29,0.0,0.0,0.0
2007-05-21 18:00:00,0.35,0.12,235.97,1.58,0.0,0.58,0.0
2007-05-21 19:00:00,0.48,0.08,234.44,2.21,0.0,0.0,0.0
2007-05-21 20:00:00,1.42,0.1,235.18,6.08,0.0,0.6,14.07
2007-05-21 21:00:00,1.79,0.1,235.29,7.58,0.0,0.0,16.97
2007-05-21 22:00:00,1.69,0.11,236.31,7.1,0.0,0.57,17.1
2007-05-21 23:00:00,1.25,0.06,237.69,5.24,0.0,0.0,15.6
2007-05-22 00:00:00,0.3,0.1,235.85,1.34,0.0,0.58,0.0
2007-05-22 01:00:00,0.27,0.05,234.93,1.14,0.0,0.02,0.0
2007-05-22 02:00:00,0.5,0.08,236.0,2.13,0.0,0.55,3.3
2007-05-22 03:00:00,0.67,0.06,236.26,2.82,0.0,0.18,6.7
2007-05-22 04:00:00,0.28,0.07,235.7,1.19,0.0,0.38,0.0
2007-05-22 05:00:00,0.29,0.07,235.67,1.21,0.0,0.33,0.0
2007-05-22 06:00:00,0.78,0.07,236.18,3.4,0.0,0.25,0.0
2007-05-22 07:00:00,1.73,0.05,234.06,7.45,7.35,0.45,14.73
2007-05-22 08:00:00,1.26,0.03,233.3,5.59,8.17,0.12,5.3
2007-05-22 09:00:00,0.71,0.09,234.8,3.28,0.0,0.57,3.45
2007-05-22 10:00:00,0.97,0.05,234.72,4.07,0.0,0.0,11.5
2007-05-22 11:00:00,0.29,0.09,233.92,1.27,0.0,0.57,0.0
2007-05-22 12:00:00,0.26,0.05,235.67,1.1,0.0,0.0,0.0
2007-05-22 13:00:00,0.3,0.08,235.75,1.32,0.0,0.58,0.0
2007-05-22 14:00:00,0.27,0.05,235.25,1.11,0.0,0.0,0.0
2007-05-22 15:00:00,0.3,0.09,236.31,1.25,0.0,0.58,0.0
2007-05-22 16:00:00,0.26,0.05,235.97,1.09,0.0,0.0,0.0
2007-05-22 17:00:00,0.31,0.09,237.25,1.35,0.0,0.58,0.0
2007-05-22 18:00:00,0.63,0.05,235.55,2.65,0.0,0.0,5.82
2007-05-22 19:00:00,1.34,0.23,235.2,5.86,0.0,8.08,3.75
2007-05-22 20:00:00,2.9,0.24,234.4,12.5,0.0,29.5,0.0
2007-05-22 21:00:00,1.44,0.12,234.38,6.24,0.0,3.63,4.55
2007-05-22 22:00:00,2.49,0.21,234.82,10.8,0.0,18.65,7.3
2007-05-22 23:00:00,0.32,0.1,239.58,1.41,0.0,0.48,0.0
2007-05-23 00:00:00,0.34,0.12,237.32,1.52,0.0,1.25,0.0
2007-05-23 01:00:00,0.27,0.08,235.72,1.16,0.0,0.15,0.0
2007-05-23 02:00:00,0.33,0.11,235.87,1.48,0.0,0.8,0.0
2007-05-23 03:00:00,0.29,0.06,236.27,1.22,0.0,0.25,0.0
2007-05-23 04:00:00,0.3,0.08,235.69,1.31,0.0,0.7,0.0
2007-05-23 05:00:00,0.3,0.07,235.13,1.27,0.0,0.52,0.0
2007-05-23 06:00:00,1.23,0.05,233.66,5.35,0.0,0.28,9.77
2007-05-23 07:00:00,1.46,0.12,236.14,6.19,0.3,0.6,14.82
2007-05-23 08:00:00,2.45,0.04,231.57,10.66,14.93,0.0,16.45
2007-05-23 09:00:00,1.44,0.05,232.61,6.21,0.02,0.58,16.6
2007-05-23 10:00:00,1.31,0.04,232.6,5.61,0.0,0.0,16.58
2007-05-23 11:00:00,1.58,0.19,231.67,6.84,0.32,0.57,16.47
2007-05-23 12:00:00,1.18,0.14,231.62,5.13,0.0,4.67,7.1
2007-05-23 13:00:00,1.07,0.18,233.44,4.7,0.0,9.62,0.0
2007-05-23 14:00:00,2.16,0.11,233.58,9.28,0.0,30.88,0.0
2007-05-23 15:00:00,0.84,0.12,236.05,3.73,0.0,9.32,0.0
2007-05-23 16:00:00,0.34,0.13,237.59,1.52,0.0,0.65,0.0
2007-05-23 17:00:00,0.29,0.1,237.19,1.21,0.0,0.0,0.0
2007-05-23 18:00:00,0.66,0.18,235.96,2.89,0.0,0.62,3.57
2007-05-23 19:00:00,1.08,0.22,234.24,4.69,0.0,0.05,9.03
2007-05-23 20:00:00,1.28,0.31,235.97,5.63,0.0,0.57,0.0
2007-05-23 21:00:00,1.92,0.07,233.71,8.27,0.0,0.32,11.83
2007-05-23 22:00:00,1.23,0.1,234.42,5.25,0.37,0.27,4.35
2007-05-23 23:00:00,1.05,0.1,237.48,4.44,0.0,0.55,8.75
2007-05-24 00:00:00,0.3,0.11,238.81,1.26,0.0,0.05,0.0
2007-05-24 01:00:00,0.31,0.11,237.83,1.34,0.0,0.6,0.0
2007-05-24 02:00:00,0.25,0.07,236.24,1.05,0.0,0.0,0.0
2007-05-24 03:00:00,0.29,0.12,236.31,1.27,0.0,0.58,0.0
2007-05-24 04:00:00,0.28,0.08,236.28,1.18,0.0,0.0,0.0
2007-05-24 05:00:00,0.31,0.1,236.97,1.35,0.0,0.58,0.0
2007-05-24 06:00:00,0.5,0.07,236.09,2.13,0.0,0.13,0.05
2007-05-24 07:00:00,1.58,0.07,233.08,6.73,0.02,0.45,16.7
2007-05-24 08:00:00,1.95,0.07,232.43,8.36,10.0,0.33,16.57
2007-05-24 09:00:00,1.65,0.1,231.55,7.09,5.9,0.23,16.43
2007-05-24 10:00:00,0.67,0.11,232.5,2.96,0.0,0.55,6.02
2007-05-24 11:00:00,0.27,0.04,233.46,1.2,0.0,0.03,0.0
2007-05-24 12:00:00,0.31,0.09,234.86,1.35,0.0,0.58,0.0
2007-05-24 13:00:00,0.29,0.06,236.71,1.24,0.0,0.0,0.0
2007-05-24 14:00:00,0.32,0.1,234.0,1.4,0.0,0.6,0.0
2007-05-24 15:00:00,0.28,0.05,234.26,1.23,0.0,0.0,0.0
2007-05-24 16:00:00,0.31,0.1,235.96,1.39,0.0,0.6,0.0
2007-05-24 17:00:00,0.29,0.07,237.91,1.27,0.0,0.08,0.0
2007-05-24 18:00:00,0.34,0.1,236.97,1.54,0.0,0.67,0.12
2007-05-24 19:00:00,1.47,0.13,235.01,6.41,0.0,6.08,11.43
2007-05-24 20:00:00,1.58,0.13,236.94,6.85,0.0,17.4,0.0
2007-05-24 21:00:00,2.57,0.15,234.4,11.11,0.0,16.33,9.87
2007-05-24 22:00:00,2.43,0.08,235.69,10.38,0.0,17.35,1.92
2007-05-24 23:00:00,0.7,0.15,238.83,3.01,0.0,5.35,0.0
2007-05-25 00:00:00,0.34,0.08,237.84,1.47,0.0,0.95,0.0
2007-05-25 01:00:00,0.3,0.07,237.11,1.3,0.0,0.5,0.0
2007-05-25 02:00:00,0.81,0.09,236.64,3.4,0.0,0.82,8.07
2007-05-25 03:00:00,0.41,0.05,237.45,1.74,0.0,0.17,2.1
2007-05-25 04:00:00,0.32,0.1,237.29,1.4,0.0,0.83,0.0
2007-05-25 05:00:00,0.29,0.06,236.94,1.22,0.0,0.17,0.0
2007-05-25 06:00:00,1.36,0.12,236.87,5.82,0.0,0.72,7.65
2007-05-25 07:00:00,1.89,0.07,232.63,8.13,5.97,0.18,16.6
2007-05-25 08:00:00,1.82,0.07,231.88,7.85,8.82,0.43,16.48
2007-05-25 09:00:00,1.3,0.08,231.08,5.57,0.0,0.43,16.37
2007-05-25 10:00:00,0.85,0.06,232.13,3.67,0.0,0.18,9.3
2007-05-25 11:00:00,0.31,0.09,234.23,1.36,0.0,0.62,0.0
2007-05-25 12:00:00,0.28,0.05,233.97,1.24,0.0,0.0,0.0
2007-05-25 13:00:00,0.32,0.1,232.11,1.43,0.0,0.63,0.0
2007-05-25 14:00:00,0.3,0.08,232.39,1.37,0.0,0.0,0.0
2007-05-25 15:00:00,0.34,0.12,235.43,1.47,0.0,0.63,0.0
2007-05-25 16:00:00,0.29,0.07,235.12,1.29,0.0,0.08,0.0
2007-05-25 17:00:00,0.4,0.13,234.95,1.78,0.0,0.55,0.82
2007-05-25 18:00:00,1.76,0.16,232.8,7.63,8.13,0.33,10.05
2007-05-25 19:00:00,2.87,0.38,232.98,12.6,18.6,0.28,0.0
2007-05-25 20:00:00,3.57,0.29,233.26,15.47,26.82,0.55,14.83
2007-05-25 21:00:00,4.47,0.26,228.51,19.56,48.37,0.07,6.72
2007-05-25 22:00:00,1.98,0.24,234.01,8.66,17.47,0.63,0.0
2007-05-25 23:00:00,0.31,0.08,239.12,1.31,0.17,0.0,0.0
2007-05-26 00:00:00,0.32,0.11,238.85,1.42,0.0,0.62,0.0
2007-05-26 01:00:00,0.69,0.05,235.83,2.94,0.0,0.0,6.82
2007-05-26 02:00:00,0.49,0.09,235.34,2.19,0.0,0.62,3.15
2007-05-26 03:00:00,0.3,0.09,236.8,1.39,0.0,0.17,0.0
2007-05-26 04:00:00,0.32,0.1,236.14,1.42,0.0,0.45,0.0
2007-05-26 05:00:00,0.3,0.08,236.52,1.29,0.0,0.4,0.0
2007-05-26 06:00:00,0.29,0.07,236.04,1.27,0.0,0.22,0.0
2007-05-26 07:00:00,0.31,0.08,234.18,1.41,0.0,0.58,0.0
2007-05-26 08:00:00,0.65,0.07,234.54,2.94,0.0,0.03,0.0
2007-05-26 09:00:00,2.13,0.09,233.67,9.17,0.0,12.73,14.52
2007-05-26 10:00:00,0.44,0.09,236.1,1.93,0.0,1.05,0.0
2007-05-26 11:00:00,1.05,0.14,234.9,4.62,0.0,10.72,0.0
2007-05-26 12:00:00,1.64,0.19,236.15,7.12,0.0,14.25,5.8
2007-05-26 13:00:00,1.81,0.17,235.88,7.73,0.0,0.23,17.03
2007-05-26 14:00:00,1.63,0.16,232.38,7.08,0.0,0.68,16.55
2007-05-26 15:00:00,1.9,0.09,233.12,8.19,7.18,0.13,16.63
2007-05-26 16:00:00,0.95,0.19,235.43,4.15,5.27,0.52,3.67
2007-05-26 17:00:00,0.94,0.18,235.67,4.17,7.67,0.48,0.0
2007-05-26 18:00:00,0.39,0.11,236.84,1.71,0.0,0.17,0.0
2007-05-26 19:00:00,2.13,0.25,233.62,9.4,19.32,0.62,3.72
2007-05-26 20:00:00,1.42,0.15,232.37,6.1,0.12,0.0,11.15
2007-05-26 21:00:00,1.63,0.09,233.59,6.96,0.0,0.62,15.33
2007-05-26 22:00:00,2.03,0.09,233.07,8.71,0.0,0.0,16.65
2007-05-26 23:00:00,1.46,0.15,234.66,6.21,0.0,0.62,12.78
2007-05-27 00:00:00,0.42,0.09,237.56,1.78,0.0,0.18,0.0
2007-05-27 01:00:00,0.32,0.1,235.77,1.41,0.0,0.42,0.0
2007-05-27 02:00:00,0.31,0.09,236.17,1.39,0.0,0.4,0.0
2007-05-27 03:00:00,0.29,0.06,236.93,1.23,0.0,0.2,0.0
2007-05-27 04:00:00,0.33,0.11,237.1,1.44,0.0,0.58,0.0
2007-05-27 05:00:00,0.36,0.07,238.19,1.56,0.0,0.0,0.0
2007-05-27 06:00:00,0.58,0.12,238.37,2.52,0.0,0.6,0.0
2007-05-27 07:00:00,0.45,0.06,237.69,2.17,0.0,0.0,0.0
2007-05-27 08:00:00,1.16,0.09,233.89,5.16,0.0,0.58,2.52
2007-05-27 09:00:00,1.12,0.07,233.37,4.9,0.0,0.0,8.67
2007-05-27 10:00:00,0.5,0.06,232.29,2.39,0.0,0.57,0.0
2007-05-27 11:00:00,0.95,0.05,232.75,4.35,0.0,7.15,0.0
2007-05-27 12:00:00,2.23,0.23,232.01,9.71,6.17,1.92,15.5
2007-05-27 13:00:00,1.28,0.09,235.52,5.58,0.05,0.23,9.9
2007-05-27 14:00:00,3.86,0.28,231.42,16.77,13.2,23.23,16.42
2007-05-27 15:00:00,3.75,0.35,232.79,16.22,8.93,25.13,16.62
2007-05-27 16:00:00,2.45,0.26,234.65,10.51,11.95,0.28,16.87
2007-05-27 17:00:00,4.11,0.44,232.76,17.94,13.23,21.43,16.62
2007-05-27 18:00:00,2.82,0.39,231.76,12.36,4.72,5.0,16.47
2007-05-27 19:00:00,1.98,0.27,234.98,8.47,0.05,1.32,16.92
2007-05-27 20:00:00,1.96,0.15,235.52,8.33,0.0,0.17,16.98
2007-05-27 21:00:00,2.59,0.13,234.12,11.1,6.77,1.23,16.8
2007-05-27 22:00:00,1.58,0.07,235.4,6.77,7.7,1.2,3.8
2007-05-27 23:00:00,0.49,0.05,236.77,2.09,0.0,0.4,0.0
2007-05-28 00:00:00,0.41,0.11,235.56,1.82,0.0,0.78,0.0
2007-05-28 01:00:00,0.47,0.06,235.99,2.03,0.0,0.0,2.37
2007-05-28 02:00:00,0.91,0.11,235.96,3.87,0.0,0.7,8.37
2007-05-28 03:00:00,0.33,0.09,237.56,1.44,0.0,0.33,0.0
2007-05-28 04:00:00,0.32,0.09,237.45,1.41,0.0,0.32,0.0
2007-05-28 05:00:00,0.33,0.09,237.17,1.45,0.0,0.62,0.0
2007-05-28 06:00:00,0.29,0.04,237.23,1.24,0.0,0.0,0.0
2007-05-28 07:00:00,0.55,0.1,234.05,2.55,0.0,0.6,0.0
2007-05-28 08:00:00,0.33,0.06,232.97,1.51,0.0,0.0,0.0
2007-05-28 09:00:00,1.37,0.1,230.18,5.95,0.0,0.58,14.72
2007-05-28 10:00:00,1.32,0.09,232.46,5.62,0.0,0.0,16.58
2007-05-28 11:00:00,1.32,0.03,231.44,5.64,0.0,0.58,16.42
2007-05-28 12:00:00,1.33,0.05,232.07,5.65,0.0,0.03,16.52
2007-05-28 13:00:00,1.87,0.1,233.0,8.03,7.83,0.53,14.05
2007-05-28 14:00:00,1.02,0.16,233.32,4.74,4.57,0.42,0.0
2007-05-28 15:00:00,0.92,0.09,236.33,3.98,7.57,0.17,0.0
2007-05-28 16:00:00,1.12,0.08,236.01,4.86,8.18,0.57,0.0
2007-05-28 17:00:00,1.09,0.07,235.97,4.63,0.0,0.0,11.73
2007-05-28 18:00:00,2.8,0.29,233.74,12.13,18.62,0.55,16.75
2007-05-28 19:00:00,2.78,0.26,234.4,12.05,10.27,0.0,16.85
2007-05-28 20:00:00,2.4,0.15,234.42,10.3,0.02,0.55,16.83
2007-05-28 21:00:00,2.35,0.08,234.91,10.13,7.7,0.0,8.58
2007-05-28 22:00:00,0.9,0.13,238.04,3.84,3.63,0.55,0.0
2007-05-28 23:00:00,0.76,0.08,237.54,3.26,7.52,0.0,0.0
2007-05-29 00:00:00,0.41,0.08,236.34,1.74,0.0,0.55,1.43
2007-05-29 01:00:00,0.77,0.08,236.73,3.21,0.0,0.0,8.1
2007-05-29 02:00:00,0.32,0.11,237.44,1.42,0.0,0.53,0.0
2007-05-29 03:00:00,0.3,0.07,237.87,1.28,0.0,0.1,0.0
2007-05-29 04:00:00,0.32,0.08,236.63,1.33,0.0,0.45,0.0
2007-05-29 05:00:00,0.3,0.06,236.68,1.26,0.0,0.18,0.0
2007-05-29 06:00:00,1.26,0.08,235.66,5.41,0.0,0.35,8.6
2007-05-29 07:00:00,1.12,0.08,236.83,4.8,0.0,0.28,8.65
2007-05-29 08:00:00,1.54,0.04,232.54,6.61,0.0,0.25,16.58
2007-05-29 09:00:00,0.89,0.06,231.44,3.99,0.0,0.37,1.82
2007-05-29 10:00:00,0.79,0.08,232.75,3.56,0.0,0.15,0.0
2007-05-29 11:00:00,0.86,0.1,233.62,3.88,0.0,0.45,0.0
2007-05-29 12:00:00,0.67,0.07,236.38,3.17,0.0,0.08,0.0
2007-05-29 13:00:00,0.31,0.09,237.63,1.31,0.0,0.53,0.0
2007-05-29 14:00:00,0.28,0.05,235.5,1.21,0.0,0.02,0.0
2007-05-29 15:00:00,0.3,0.08,236.28,1.34,0.0,0.53,0.0
2007-05-29 16:00:00,0.27,0.05,235.2,1.22,0.0,0.0,0.0
2007-05-29 17:00:00,0.89,0.1,235.19,3.82,0.0,0.55,9.48
2007-05-29 18:00:00,0.3,0.07,237.06,1.35,0.0,0.0,0.0
2007-05-29 19:00:00,0.69,0.1,234.95,3.07,0.0,5.35,0.0
2007-05-29 20:00:00,0.68,0.08,236.42,3.02,0.0,1.15,0.0
2007-05-29 21:00:00,2.48,0.12,233.74,10.75,0.0,19.3,1.62
2007-05-29 22:00:00,1.63,0.06,235.13,6.9,0.0,0.02,15.92
2007-05-29 23:00:00,0.31,0.1,238.65,1.32,0.0,0.58,0.0
2007-05-30 00:00:00,0.27,0.06,236.53,1.13,0.0,0.0,0.0
2007-05-30 01:00:00,0.3,0.08,236.23,1.26,0.0,0.55,0.0
2007-05-30 02:00:00,0.26,0.07,236.05,1.1,0.0,0.17,0.0
2007-05-30 03:00:00,0.27,0.08,236.4,1.15,0.0,0.38,0.0
2007-05-30 04:00:00,0.28,0.08,236.43,1.18,0.0,0.3,0.0
2007-05-30 05:00:00,0.28,0.08,236.48,1.18,0.0,0.23,0.0
2007-05-30 06:00:00,1.37,0.08,235.33,5.85,0.0,0.43,10.63
2007-05-30 07:00:00,1.95,0.06,233.5,8.37,7.75,0.1,16.72
2007-05-30 08:00:00,1.84,0.09,232.12,7.94,8.07,0.53,16.53
2007-05-30 09:00:00,1.26,0.07,232.99,5.41,0.0,0.0,16.65
2007-05-30 10:00:00,1.29,0.08,232.33,5.52,0.0,0.55,16.55
2007-05-30 11:00:00,1.47,0.14,233.79,6.25,0.0,0.0,16.75
2007-05-30 12:00:00,1.49,0.21,233.83,6.41,0.0,0.53,16.77
2007-05-30 13:00:00,0.71,0.11,233.86,3.11,0.0,0.0,5.12
2007-05-30 14:00:00,0.3,0.09,233.86,1.42,0.0,0.53,0.0
2007-05-30 15:00:00,0.74,0.05,235.71,3.3,0.0,7.58,0.0
2007-05-30 16:00:00,1.6,0.12,235.48,6.9,0.0,21.2,0.0
2007-05-30 17:00:00,2.6,0.12,234.01,11.18,0.0,27.33,10.88
2007-05-30 18:00:00,0.68,0.09,235.77,3.01,0.0,3.85,1.97
2007-05-30 19:00:00,1.57,0.17,234.1,6.84,0.0,15.85,0.0
2007-05-30 20:00:00,2.22,0.18,232.93,9.8,0.0,17.12,0.0
2007-05-30 21:00:00,2.23,0.14,234.87,9.64,12.6,1.08,0.0
2007-05-30 22:00:00,1.11,0.11,234.92,4.79,3.37,0.53,0.0
2007-05-30 23:00:00,0.73,0.08,238.42,3.15,5.72,0.27,1.5
2007-05-31 00:00:00,0.93,0.09,235.69,3.93,0.0,0.57,10.72
2007-05-31 01:00:00,0.26,0.06,234.6,1.07,0.0,0.0,0.0
2007-05-31 02:00:00,0.3,0.08,235.12,1.29,0.0,0.57,0.0
2007-05-31 03:00:00,0.26,0.05,236.06,1.08,0.0,0.0,0.0
2007-05-31 04:00:00,0.29,0.08,235.51,1.23,0.0,0.57,0.0
2007-05-31 05:00:00,0.26,0.04,235.69,1.07,0.0,0.0,0.0
2007-05-31 06:00:00,0.7,0.08,234.39,3.12,0.0,0.55,0.0
2007-05-31 07:00:00,0.87,0.06,235.03,3.72,0.0,0.0,7.53
2007-05-31 08:00:00,1.14,0.12,235.27,4.83,0.0,0.57,12.7
2007-05-31 09:00:00,0.26,0.07,233.1,1.1,0.0,0.13,0.0
2007-05-31 10:00:00,0.27,0.08,233.83,1.16,0.0,0.4,0.0
2007-05-31 11:00:00,0.28,0.08,235.1,1.16,0.0,0.3,0.0
2007-05-31 12:00:00,0.29,0.09,235.28,1.26,0.0,0.27,0.0
2007-05-31 13:00:00,0.29,0.09,235.1,1.27,0.0,0.45,0.0
2007-05-31 14:00:00,0.26,0.04,234.27,1.07,0.0,0.1,0.0
2007-05-31 15:00:00,0.3,0.09,237.28,1.3,0.0,0.57,0.0
2007-05-31 16:00:00,0.25,0.04,236.34,1.03,0.0,0.0,0.0
2007-05-31 17:00:00,0.55,0.07,234.29,2.34,0.0,0.55,4.07
2007-05-31 18:00:00,1.06,0.05,232.65,4.58,0.0,0.0,8.43
2007-05-31 19:00:00,1.3,0.29,233.16,5.75,0.0,0.9,0.0
2007-05-31 20:00:00,1.68,0.1,235.1,7.25,7.32,0.27,0.0
2007-05-31 21:00:00,2.0,0.15,235.18,8.6,8.27,0.48,0.38
2007-05-31 22:00:00,1.48,0.15,236.26,6.25,0.0,0.68,15.37
2007-05-31 23:00:00,0.35,0.09,238.03,1.54,0.0,0.03,0.0
2007-06-01 00:00:00,0.34,0.16,237.38,1.51,0.0,0.62,0.0
2007-06-01 01:00:00,0.33,0.12,235.34,1.41,0.0,0.53,0.0
2007-06-01 02:00:00,0.29,0.07,236.04,1.22,0.0,0.08,0.0
2007-06-01 03:00:00,0.33,0.11,235.86,1.44,0.0,0.6,0.0
2007-06-01 04:00:00,0.27,0.06,235.98,1.13,0.0,0.0,0.0
2007-06-01 05:00:00,0.32,0.12,234.97,1.43,0.0,0.6,0.0
2007-06-01 06:00:00,1.5,0.12,234.22,6.53,0.0,0.32,12.28
2007-06-01 07:00:00,1.75,0.08,232.7,7.52,0.0,0.25,16.62
2007-06-01 08:00:00,1.33,0.1,234.08,5.62,0.0,0.57,16.8
2007-06-01 09:00:00,1.28,0.06,231.99,5.49,0.0,0.0,16.5
2007-06-01 10:00:00,1.33,0.11,232.5,5.68,0.0,0.55,16.58
2007-06-01 11:00:00,1.28,0.06,233.29,5.43,0.0,0.0,16.68
2007-06-01 12:00:00,1.19,0.11,234.56,5.05,0.0,0.57,14.38
2007-06-01 13:00:00,0.3,0.08,235.47,1.34,0.0,0.0,0.0
2007-06-01 14:00:00,0.31,0.1,235.04,1.36,0.0,0.57,0.0
2007-06-01 15:00:00,0.28,0.06,236.6,1.26,0.0,0.1,0.0
2007-06-01 16:00:00,0.32,0.11,236.78,1.44,0.0,0.47,0.0
2007-06-01 17:00:00,0.32,0.1,235.49,1.47,0.0,0.27,0.0
2007-06-01 18:00:00,0.34,0.07,235.68,1.54,0.0,0.28,0.0
2007-06-01 19:00:00,0.56,0.15,235.44,2.54,0.0,0.42,0.0
2007-06-01 20:00:00,1.36,0.11,236.12,5.75,0.0,0.15,16.33
2007-06-01 21:00:00,0.99,0.12,235.36,4.28,0.0,0.55,1.55
2007-06-01 22:00:00,0.78,0.11,236.98,3.33,0.0,0.0,0.0
2007-06-01 23:00:00,0.32,0.11,239.89,1.47,0.0,0.57,0.0
2007-06-02 00:00:00,0.49,0.05,236.85,2.08,0.0,0.0,0.0
2007-06-02 01:00:00,0.31,0.09,235.61,1.34,0.0,0.55,0.0
2007-06-02 02:00:00,0.27,0.05,235.57,1.2,0.0,0.0,0.0
2007-06-02 03:00:00,0.31,0.1,237.35,1.36,0.0,0.55,0.0
2007-06-02 04:00:00,0.64,0.05,236.44,2.73,0.0,0.0,6.07
2007-06-02 05:00:00,0.68,0.08,236.84,2.92,0.0,0.55,6.38
2007-06-02 06:00:00,0.28,0.05,237.36,1.19,0.0,0.0,0.0
2007-06-02 07:00:00,0.64,0.08,234.15,2.88,0.0,0.53,0.0
2007-06-02 08:00:00,0.47,0.05,234.93,2.14,0.0,0.03,0.0
2007-06-02 09:00:00,2.4,0.09,232.81,10.31,0.0,7.9,13.93
2007-06-02 10:00:00,1.19,0.09,232.13,5.13,0.22,0.13,0.8
2007-06-02 11:00:00,1.99,0.24,231.21,8.66,15.7,0.5,0.0
2007-06-02 12:00:00,0.4,0.08,233.13,1.81,0.45,0.35,0.0
2007-06-02 13:00:00,0.89,0.12,235.21,4.04,0.0,4.27,0.0
2007-06-02 14:00:00,1.22,0.09,233.63,5.25,0.0,2.18,10.9
2007-06-02 15:00:00,1.45,0.09,233.8,6.18,0.0,0.05,16.77
2007-06-02 16:00:00,1.41,0.13,235.08,5.94,0.0,0.58,16.93
2007-06-02 17:00:00,2.66,0.26,231.48,11.67,18.95,0.18,16.43
2007-06-02 18:00:00,1.97,0.3,233.07,8.57,6.28,0.62,16.65
2007-06-02 19:00:00,3.15,0.34,232.1,13.81,24.57,0.58,16.52
2007-06-02 20:00:00,0.74,0.06,233.89,3.14,0.02,0.05,5.83
2007-06-02 21:00:00,0.39,0.11,234.51,1.71,0.0,0.62,0.0
2007-06-02 22:00:00,0.36,0.07,232.57,1.52,0.0,0.0,0.0
2007-06-02 23:00:00,0.41,0.12,237.55,1.8,0.0,0.6,0.0
2007-06-03 00:00:00,0.59,0.13,236.69,2.57,0.0,0.25,0.0
2007-06-03 01:00:00,0.89,0.09,237.14,3.76,0.0,0.33,9.58
2007-06-03 02:00:00,0.42,0.1,238.67,1.81,0.0,0.47,1.85
2007-06-03 03:00:00,0.28,0.05,237.21,1.22,0.0,0.12,0.0
2007-06-03 04:00:00,0.32,0.1,235.75,1.41,0.0,0.58,0.0
2007-06-03 05:00:00,0.27,0.05,236.64,1.21,0.0,0.0,0.0
2007-06-03 06:00:00,0.31,0.09,236.86,1.38,0.0,0.58,0.0
2007-06-03 07:00:00,0.27,0.05,235.48,1.24,0.0,0.0,0.0
2007-06-03 08:00:00,0.67,0.09,234.27,3.03,0.0,0.58,0.0
2007-06-03 09:00:00,1.01,0.05,234.71,4.4,0.0,3.47,5.93
2007-06-03 10:00:00,2.07,0.12,231.86,8.93,0.0,9.0,16.48
2007-06-03 11:00:00,3.19,0.23,230.58,13.98,27.12,1.78,16.32
2007-06-03 12:00:00,2.58,0.2,231.75,11.23,5.18,15.38,16.47
2007-06-03 13:00:00,3.79,0.31,231.64,16.62,18.43,20.62,16.45
2007-06-03 14:00:00,1.66,0.16,234.34,7.11,1.08,1.13,16.6
2007-06-03 15:00:00,1.14,0.06,236.18,4.91,8.8,0.12,4.78
2007-06-03 16:00:00,1.38,0.16,236.72,5.95,9.03,0.7,7.23
2007-06-03 17:00:00,0.99,0.14,235.34,4.27,0.0,1.13,5.85
2007-06-03 18:00:00,1.31,0.06,232.57,5.72,0.0,0.33,11.85
2007-06-03 19:00:00,1.57,0.19,233.54,6.83,0.0,0.0,0.0
2007-06-03 20:00:00,1.6,0.13,233.47,6.87,5.37,0.65,4.48
2007-06-03 21:00:00,3.61,0.19,232.35,15.58,8.07,17.08,5.02
2007-06-03 22:00:00,3.38,0.12,233.32,14.58,0.0,28.58,0.0
2007-06-03 23:00:00,1.82,0.17,237.22,7.88,0.0,22.58,0.0
2007-06-04 00:00:00,0.35,0.17,238.31,1.61,0.0,1.52,0.0
2007-06-04 01:00:00,0.35,0.15,236.12,1.58,0.0,1.55,0.0
2007-06-04 02:00:00,0.26,0.05,234.09,1.16,0.0,0.17,0.0
2007-06-04 03:00:00,0.78,0.05,235.1,3.32,0.0,0.15,8.5
2007-06-04 04:00:00,0.33,0.14,235.06,1.49,0.0,1.3,0.0
2007-06-04 05:00:00,0.31,0.12,234.81,1.39,0.0,0.92,0.0
2007-06-04 06:00:00,0.54,0.07,235.1,2.45,0.0,0.17,0.0
2007-06-04 07:00:00,1.49,0.1,232.66,6.45,0.0,0.1,11.0
2007-06-04 08:00:00,1.32,0.17,232.0,5.65,0.0,1.22,16.52
2007-06-04 09:00:00,1.27,0.1,231.3,5.43,0.0,0.42,16.4
2007-06-04 10:00:00,0.96,0.07,231.69,4.14,0.0,0.0,11.83
2007-06-04 11:00:00,0.27,0.09,233.45,1.22,0.0,0.43,0.0
2007-06-04 12:00:00,0.31,0.16,235.17,1.42,0.0,1.15,0.0
2007-06-04 13:00:00,0.27,0.09,234.8,1.16,0.0,0.2,0.0
2007-06-04 14:00:00,0.24,0.06,235.3,1.03,0.0,0.0,0.0
2007-06-04 15:00:00,0.29,0.12,236.27,1.3,0.0,0.67,0.0
2007-06-04 16:00:00,0.31,0.17,235.85,1.44,0.0,1.15,0.0
2007-06-04 17:00:00,0.26,0.08,235.46,1.15,0.0,0.03,0.0
2007-06-04 18:00:00,1.65,0.16,233.89,7.21,17.17,0.0,2.87
2007-06-04 19:00:00,1.51,0.4,232.56,6.91,7.5,0.83,8.43
2007-06-04 20:00:00,0.57,0.37,235.61,2.85,0.43,1.13,0.0
2007-06-04 21:00:00,0.51,0.26,235.37,2.44,0.43,0.0,0.0
2007-06-04 22:00:00,0.49,0.23,234.64,2.29,0.43,0.0,0.0
2007-06-04 23:00:00,0.55,0.33,239.35,2.65,0.45,0.83,0.0
2007-06-05 00:00:00,1.58,0.2,236.23,6.68,0.03,1.1,12.52
2007-06-05 01:00:00,0.47,0.06,236.02,1.97,0.0,0.0,3.63
2007-06-05 02:00:00,0.25,0.07,236.0,1.06,0.0,0.0,0.0
2007-06-05 03:00:00,0.31,0.15,235.44,1.43,0.0,0.87,0.0
2007-06-05 04:00:00,0.33,0.18,235.33,1.5,0.0,0.97,0.0
2007-06-05 05:00:00,0.25,0.07,235.98,1.07,0.0,0.0,0.0
2007-06-05 06:00:00,1.14,0.06,234.52,4.91,0.0,0.0,8.4
2007-06-05 07:00:00,1.42,0.17,234.07,6.07,0.0,0.97,16.78
2007-06-05 08:00:00,1.31,0.14,231.67,5.62,0.0,0.78,16.45
2007-06-05 09:00:00,0.68,0.08,233.42,2.92,0.0,0.0,6.67
2007-06-05 10:00:00,1.46,0.2,231.32,6.67,17.83,0.0,0.0
2007-06-05 11:00:00,1.6,0.38,231.65,7.37,12.73,5.08,0.0
2007-06-05 12:00:00,0.42,0.17,233.54,1.94,0.0,1.83,0.0
2007-06-05 13:00:00,0.33,0.1,234.35,1.46,0.0,0.0,0.0
2007-06-05 14:00:00,0.77,0.07,233.25,3.45,0.0,0.0,7.65
2007-06-05 15:00:00,0.9,0.19,234.12,4.03,6.98,1.17,1.65
2007-06-05 16:00:00,0.68,0.17,235.96,3.08,4.88,0.85,0.0
2007-06-05 17:00:00,0.88,0.16,235.69,4.29,4.1,0.0,0.0
2007-06-05 18:00:00,0.42,0.15,236.14,2.01,0.0,0.05,0.0
2007-06-05 19:00:00,2.02,0.5,234.34,9.14,19.2,1.23,1.02
2007-06-05 20:00:00,1.84,0.43,234.45,8.13,1.62,0.53,9.55
2007-06-05 21:00:00,0.65,0.24,236.4,2.95,0.3,0.0,0.0
2007-06-05 22:00:00,2.3,0.13,235.71,9.71,0.27,0.58,5.95
2007-06-05 23:00:00,2.31,0.21,237.02,9.72,6.78,1.1,17.2
2007-06-06 00:00:00,1.75,0.08,234.45,7.44,7.72,0.0,16.83
2007-06-06 01:00:00,1.14,0.04,234.68,4.78,0.0,0.0,14.75
2007-06-06 02:00:00,0.32,0.16,235.73,1.44,0.0,1.18,0.0
2007-06-06 03:00:00,0.29,0.13,236.69,1.31,0.0,0.48,0.0
2007-06-06 04:00:00,0.24,0.08,235.98,1.08,0.0,0.0,0.0
2007-06-06 05:00:00,0.27,0.11,236.39,1.21,0.0,0.62,0.0
2007-06-06 06:00:00,1.74,0.14,233.52,7.52,0.0,1.02,10.72
2007-06-06 07:00:00,1.53,0.06,232.92,6.59,0.0,0.0,16.62
2007-06-06 08:00:00,1.54,0.07,232.92,6.72,0.0,0.0,16.63
2007-06-06 09:00:00,1.45,0.16,231.91,6.35,0.0,1.18,16.48
2007-06-06 10:00:00,1.36,0.1,231.51,5.9,0.0,0.45,16.43
2007-06-06 11:00:00,1.37,0.25,232.32,6.02,0.0,0.0,9.45
2007-06-06 12:00:00,0.75,0.26,235.06,3.47,0.0,2.85,0.0
2007-06-06 13:00:00,0.52,0.21,236.0,2.41,0.0,1.28,0.0
2007-06-06 14:00:00,1.3,0.14,234.93,5.64,6.8,0.2,8.45
2007-06-06 15:00:00,0.7,0.1,236.81,2.96,1.15,0.0,4.15
2007-06-06 16:00:00,1.0,0.18,236.3,4.4,7.75,1.05,0.0
2007-06-06 17:00:00,0.44,0.16,235.91,1.94,0.0,1.02,0.0
2007-06-06 18:00:00,0.51,0.16,235.86,2.27,0.0,0.0,0.0
2007-06-06 19:00:00,2.54,0.5,233.09,11.23,8.98,0.13,5.57
2007-06-06 20:00:00,2.03,0.27,233.15,8.8,8.18,1.2,16.65
2007-06-06 21:00:00,2.21,0.2,232.57,9.51,6.27,0.5,16.52
2007-06-06 22:00:00,2.12,0.16,235.0,8.96,3.43,0.0,16.92
2007-06-06 23:00:00,1.11,0.11,237.2,4.74,5.22,0.65,8.48
2007-06-07 00:00:00,0.31,0.16,234.39,1.44,0.0,1.0,0.0
2007-06-07 01:00:00,0.24,0.06,234.95,1.09,0.0,0.0,0.0
2007-06-07 02:00:00,0.24,0.07,234.78,1.11,0.0,0.12,0.0
2007-06-07 03:00:00,0.31,0.15,234.97,1.4,0.0,1.2,0.0
2007-06-07 04:00:00,0.26,0.08,234.91,1.15,0.0,0.3,0.0
2007-06-07 05:00:00,0.23,0.05,235.65,1.03,0.0,0.0,0.0
2007-06-07 06:00:00,0.63,0.12,236.32,2.75,0.0,0.85,0.0
2007-06-07 07:00:00,1.25,0.14,232.66,5.42,0.0,0.73,9.4
2007-06-07 08:00:00,1.32,0.12,232.3,5.62,0.0,0.0,16.55
2007-06-07 09:00:00,1.25,0.09,232.69,5.35,0.0,0.38,16.23
2007-06-07 10:00:00,0.33,0.18,232.66,1.55,0.0,1.15,0.0
2007-06-07 11:00:00,0.27,0.1,233.04,1.24,0.0,0.05,0.0
2007-06-07 12:00:00,0.24,0.06,232.35,1.08,0.0,0.0,0.0
2007-06-07 13:00:00,0.3,0.14,233.18,1.41,0.0,1.1,0.0
2007-06-07 14:00:00,0.57,0.15,233.65,2.56,0.0,0.55,0.0
2007-06-07 15:00:00,0.75,0.07,235.88,3.12,0.0,0.0,0.0
2007-06-07 16:00:00,0.78,0.11,234.25,3.35,0.0,0.6,0.0
2007-06-07 17:00:00,0.83,0.17,235.01,3.53,0.0,1.12,0.0
2007-06-07 18:00:00,1.0,0.08,234.78,4.28,0.0,0.0,2.43
2007-06-07 19:00:00,1.31,0.11,232.64,5.7,0.0,0.1,10.27
2007-06-07 20:00:00,1.27,0.27,235.09,5.64,5.65,1.22,0.0
2007-06-07 21:00:00,1.28,0.15,235.07,5.62,10.77,0.4,0.0
2007-06-07 22:00:00,1.07,0.1,237.34,4.54,0.0,0.0,11.1
2007-06-07 23:00:00,0.36,0.14,238.93,1.61,0.0,0.78,0.0
2007-06-08 00:00:00,0.31,0.14,237.46,1.36,0.0,0.92,0.0
2007-06-08 01:00:00,0.24,0.05,235.77,1.05,0.0,0.0,0.0
2007-06-08 02:00:00,0.26,0.1,235.18,1.21,0.0,0.25,0.0
2007-06-08 03:00:00,0.32,0.15,234.98,1.45,0.0,1.18,0.0
2007-06-08 04:00:00,0.24,0.06,235.73,1.06,0.0,0.22,0.0
2007-06-08 05:00:00,0.23,0.04,236.02,1.0,0.0,0.0,0.0
2007-06-08 06:00:00,0.3,0.12,236.03,1.3,0.0,0.98,0.0
2007-06-08 07:00:00,0.95,0.12,232.67,4.24,0.0,0.72,6.05
2007-06-08 08:00:00,1.37,0.07,232.25,5.84,0.0,0.0,16.55
2007-06-08 09:00:00,1.95,0.12,230.96,8.52,0.0,6.98,16.35
2007-06-08 10:00:00,3.12,0.23,229.85,13.7,0.0,27.37,16.22
2007-06-08 11:00:00,2.49,0.18,232.18,10.85,0.0,19.07,16.52
2007-06-08 12:00:00,2.6,0.15,233.21,11.24,0.0,20.1,16.67
2007-06-08 13:00:00,2.92,0.1,233.02,12.64,0.0,25.92,16.65
2007-06-08 14:00:00,2.77,0.28,234.4,12.04,0.0,18.68,16.18
2007-06-08 15:00:00,1.54,0.23,238.81,6.74,0.0,20.15,0.0
2007-06-08 16:00:00,0.39,0.17,240.83,1.8,0.0,1.6,0.0
2007-06-08 17:00:00,2.16,0.1,238.59,9.24,6.27,13.77,9.9
2007-06-08 18:00:00,2.14,0.16,239.2,9.02,7.92,3.45,17.52
2007-06-08 19:00:00,3.04,0.21,238.71,12.83,11.35,13.38,17.43
2007-06-08 20:00:00,4.2,0.52,237.03,18.02,21.0,14.53,17.2
2007-06-08 21:00:00,1.2,0.23,241.25,5.1,0.12,0.47,6.43
2007-06-08 22:00:00,0.54,0.14,240.88,2.33,0.0,0.28,0.0
2007-06-08 23:00:00,0.51,0.16,243.76,2.19,0.0,0.65,0.0
2007-06-09 00:00:00,0.47,0.15,244.3,2.02,0.0,0.42,0.0
2007-06-09 01:00:00,0.85,0.1,241.83,3.55,0.0,0.18,9.32
2007-06-09 02:00:00,0.3,0.13,240.86,1.32,0.0,0.58,0.0
2007-06-09 03:00:00,0.28,0.1,241.63,1.16,0.0,0.37,0.0
2007-06-09 04:00:00,0.27,0.1,241.84,1.2,0.0,0.18,0.0
2007-06-09 05:00:00,0.31,0.15,241.87,1.39,0.0,0.57,0.0
2007-06-09 06:00:00,0.27,0.1,241.7,1.21,0.0,0.25,0.0
2007-06-09 07:00:00,0.6,0.09,240.19,2.68,0.0,0.3,0.0
2007-06-09 08:00:00,0.96,0.13,237.29,4.1,0.0,0.53,8.77
2007-06-09 09:00:00,0.83,0.1,238.02,3.6,0.25,0.17,6.93
2007-06-09 10:00:00,1.22,0.16,236.73,5.28,13.93,0.45,0.0
2007-06-09 11:00:00,0.53,0.27,240.97,2.45,0.02,1.11,0.0
2007-06-09 12:00:00,0.45,0.26,242.04,2.15,0.0,0.55,0.0
2007-06-09 13:00:00,0.8,0.2,241.02,3.52,0.0,0.38,3.03
2007-06-09 14:00:00,1.04,0.18,240.44,4.46,0.0,0.18,10.12
2007-06-09 15:00:00,0.41,0.2,240.5,1.91,0.0,0.53,0.0
2007-06-09 16:00:00,0.68,0.17,241.17,3.0,0.0,0.0,0.0
2007-06-09 17:00:00,0.6,0.15,241.98,2.56,0.0,0.57,0.01
2007-06-09 18:00:00,1.54,0.22,239.36,6.52,0.0,1.24,13.66
2007-06-09 19:00:00,1.2,0.19,240.56,5.06,0.0,0.07,15.05
2007-06-09 20:00:00,1.37,0.17,239.25,5.69,0.0,0.57,17.52
2007-06-09 21:00:00,1.36,0.12,240.74,5.63,0.0,0.12,17.72
2007-06-09 22:00:00,1.18,0.15,240.92,4.9,0.0,0.45,13.22
2007-06-09 23:00:00,0.87,0.3,241.52,3.9,0.0,0.57,0.0
2007-06-10 00:00:00,0.64,0.11,242.06,2.68,0.0,0.0,0.0
2007-06-10 01:00:00,0.28,0.13,240.23,1.31,0.0,0.57,0.0
2007-06-10 02:00:00,0.33,0.12,240.23,1.43,0.0,0.25,0.0
2007-06-10 03:00:00,0.28,0.12,240.75,1.28,0.0,0.3,0.0
2007-06-10 04:00:00,0.24,0.15,240.74,1.19,0.0,0.57,0.08
2007-06-10 05:00:00,0.81,0.08,241.25,3.34,0.0,0.0,10.35
2007-06-10 06:00:00,0.21,0.12,241.63,1.06,0.0,0.55,0.0
2007-06-10 07:00:00,0.19,0.1,240.4,0.93,0.0,0.28,0.0
2007-06-10 08:00:00,0.46,0.11,241.28,2.2,0.0,0.27,0.0
2007-06-10 09:00:00,0.33,0.17,242.1,1.6,0.0,0.55,0.0
2007-06-10 10:00:00,2.01,0.08,237.24,8.55,6.9,8.6,14.13
2007-06-10 11:00:00,2.18,0.09,237.95,9.2,7.73,7.27,17.33
2007-06-10 12:00:00,1.6,0.21,240.34,6.9,11.78,0.83,7.55
2007-06-10 13:00:00,2.23,0.37,241.72,9.43,24.7,0.2,4.0
2007-06-10 14:00:00,2.17,0.33,240.41,9.24,8.9,4.78,9.22
2007-06-10 15:00:00,0.82,0.14,241.55,3.4,2.9,0.07,0.0
2007-06-10 16:00:00,1.08,0.12,239.41,4.54,7.12,0.48,2.45
2007-06-10 17:00:00,1.23,0.13,242.21,5.04,0.0,0.53,16.48
2007-06-10 18:00:00,0.18,0.11,241.66,0.88,0.0,0.02,0.0
2007-06-10 19:00:00,0.73,0.27,241.93,3.3,0.0,4.58,0.0
2007-06-10 20:00:00,0.65,0.28,240.59,2.99,0.0,0.37,0.0
2007-06-10 21:00:00,0.85,0.2,240.97,3.69,0.0,0.45,1.87
2007-06-10 22:00:00,2.1,0.23,240.09,8.77,0.0,0.55,16.25
2007-06-10 23:00:00,0.75,0.21,243.52,3.18,0.0,0.0,0.0
2007-06-11 00:00:00,0.4,0.16,243.0,1.7,0.0,0.55,0.0
2007-06-11 01:00:00,0.24,0.11,242.55,1.08,0.0,0.13,0.0
2007-06-11 02:00:00,0.23,0.11,240.87,1.03,0.0,0.42,0.0
2007-06-11 03:00:00,0.23,0.12,240.91,1.07,0.0,0.55,0.0
2007-06-11 04:00:00,0.21,0.09,240.95,0.96,0.0,0.0,0.0
2007-06-11 05:00:00,0.23,0.13,242.24,1.1,0.0,0.57,0.0
2007-06-11 06:00:00,1.1,0.07,241.46,4.6,0.0,0.1,10.22
2007-06-11 07:00:00,1.61,0.17,239.1,6.69,0.0,0.43,17.5
2007-06-11 08:00:00,1.52,0.15,236.05,6.41,0.0,0.53,17.07
2007-06-11 09:00:00,1.21,0.07,237.42,5.05,0.0,0.0,17.25
2007-06-11 10:00:00,1.15,0.12,237.98,4.84,0.0,0.55,15.62
2007-06-11 11:00:00,0.2,0.11,239.73,0.93,0.0,0.05,0.0
2007-06-11 12:00:00,0.22,0.16,241.32,1.1,0.0,0.5,0.0
2007-06-11 13:00:00,0.21,0.14,240.95,1.04,0.0,0.48,0.0
2007-06-11 14:00:00,0.18,0.09,239.53,0.83,0.0,0.07,0.0
2007-06-11 15:00:00,0.22,0.15,241.87,1.07,0.0,0.55,0.0
2007-06-11 16:00:00,0.19,0.11,243.23,0.9,0.0,0.0,0.0
2007-06-11 17:00:00,0.22,0.13,240.89,1.07,0.0,0.55,0.0
2007-06-11 18:00:00,0.26,0.12,240.37,1.26,0.0,0.45,0.0
2007-06-11 19:00:00,0.88,0.09,240.3,3.74,0.0,0.1,11.15
2007-06-11 20:00:00,0.22,0.15,243.42,1.13,0.0,0.57,0.0
2007-06-11 21:00:00,0.94,0.2,240.97,4.05,0.0,0.0,0.0
2007-06-11 22:00:00,0.77,0.28,241.78,3.59,0.0,0.55,0.0
2007-06-11 23:00:00,0.6,0.22,243.67,2.77,0.0,0.42,0.0
2007-06-12 00:00:00,0.96,0.1,241.84,4.01,0.0,0.13,12.22
2007-06-12 01:00:00,0.2,0.11,240.29,0.93,0.0,0.55,0.0
2007-06-12 02:00:00,0.16,0.05,239.5,0.69,0.0,0.0,0.0
2007-06-12 03:00:00,0.2,0.12,241.08,0.94,0.0,0.55,0.0
2007-06-12 04:00:00,0.19,0.09,240.6,0.86,0.0,0.4,0.0
2007-06-12 05:00:00,0.17,0.07,240.85,0.78,0.0,0.15,0.0
2007-06-12 06:00:00,0.41,0.11,242.33,1.95,0.0,0.55,0.0
2007-06-12 07:00:00,0.33,0.12,241.36,1.59,0.0,0.0,0.0
2007-06-12 08:00:00,0.43,0.15,240.96,2.15,0.0,0.62,0.0
2007-06-12 09:00:00,0.44,0.13,238.29,2.25,0.0,0.55,0.0
2007-06-12 10:00:00,1.13,0.06,237.08,4.88,0.0,0.02,12.78
2007-06-12 11:00:00,0.4,0.11,238.83,2.02,0.0,0.57,0.0
2007-06-12 12:00:00,0.44,0.1,239.76,2.18,0.0,0.33,0.0
2007-06-12 13:00:00,0.19,0.1,241.14,0.9,0.0,0.22,0.0
2007-06-12 14:00:00,0.21,0.14,239.94,1.04,0.0,0.55,0.0
2007-06-12 15:00:00,0.22,0.09,241.59,0.98,0.0,0.0,0.55
2007-06-12 16:00:00,0.9,0.13,239.1,3.81,0.0,0.55,11.38
2007-06-12 17:00:00,0.32,0.22,240.73,1.63,0.0,0.5,0.0
2007-06-12 18:00:00,2.08,0.37,238.15,9.08,23.62,0.05,0.05
2007-06-12 19:00:00,1.87,0.3,239.3,7.99,7.75,0.55,14.38
2007-06-12 20:00:00,0.56,0.22,241.47,2.63,0.0,0.37,0.0
2007-06-12 21:00:00,1.81,0.19,240.12,7.6,0.0,0.17,13.6
2007-06-12 22:00:00,1.03,0.29,239.66,4.63,0.0,0.53,0.0
2007-06-12 23:00:00,0.67,0.23,241.41,3.1,0.0,0.02,0.0
2007-06-13 00:00:00,0.21,0.13,238.82,1.05,0.0,0.52,0.0
2007-06-13 01:00:00,0.8,0.13,239.61,3.39,0.0,0.5,9.63
2007-06-13 02:00:00,0.19,0.1,240.9,0.87,0.0,0.02,0.0
2007-06-13 03:00:00,0.23,0.16,241.49,1.17,0.0,0.52,0.0
2007-06-13 04:00:00,0.18,0.08,241.24,0.88,0.0,0.12,0.0
2007-06-13 05:00:00,0.2,0.12,241.62,0.97,0.0,0.42,0.0
2007-06-13 06:00:00,0.36,0.14,241.06,1.69,0.0,0.52,0.0
2007-06-13 07:00:00,1.3,0.07,238.59,5.44,0.0,0.0,14.3
2007-06-13 08:00:00,1.42,0.12,240.18,5.93,0.0,0.52,17.65
2007-06-13 09:00:00,0.77,0.11,239.24,3.27,0.0,0.17,9.45
2007-06-13 10:00:00,0.23,0.15,239.42,1.13,0.0,0.35,0.0
2007-06-13 11:00:00,0.37,0.17,241.6,1.76,0.0,2.47,0.0
2007-06-13 12:00:00,0.46,0.17,241.9,2.15,0.0,3.58,0.0
2007-06-13 13:00:00,0.37,0.21,241.21,1.78,0.0,1.42,0.0
2007-06-13 14:00:00,1.34,0.18,240.1,5.69,7.53,0.27,10.97
2007-06-13 15:00:00,0.68,0.12,240.7,2.97,8.42,0.27,0.0
2007-06-13 16:00:00,0.26,0.2,239.96,1.32,0.0,0.53,0.0
2007-06-13 17:00:00,0.17,0.09,241.26,0.81,0.0,0.0,0.0
2007-06-13 18:00:00,0.52,0.15,238.55,2.28,0.0,0.52,0.0
2007-06-13 19:00:00,1.13,0.15,238.07,4.9,0.0,0.38,1.23
2007-06-13 20:00:00,1.41,0.18,240.47,6.09,0.0,0.15,7.98
2007-06-13 21:00:00,1.19,0.23,241.09,5.04,0.0,0.55,0.0
2007-06-13 22:00:00,1.28,0.18,241.27,5.3,0.0,0.28,12.58
2007-06-13 23:00:00,0.39,0.12,241.17,1.73,0.0,0.23,3.13
2007-06-14 00:00:00,0.2,0.12,238.53,0.96,0.0,0.53,0.0
2007-06-14 01:00:00,0.17,0.07,240.9,0.8,0.0,0.0,0.0
2007-06-14 02:00:00,0.22,0.12,239.87,1.03,0.0,0.52,0.0
2007-06-14 03:00:00,0.19,0.11,241.21,0.92,0.0,0.42,0.0
2007-06-14 04:00:00,0.17,0.08,241.53,0.77,0.0,0.12,0.0
2007-06-14 05:00:00,0.19,0.11,241.74,0.94,0.0,0.53,0.0
2007-06-14 06:00:00,0.49,0.08,240.55,2.14,0.0,0.0,1.77
2007-06-14 07:00:00,1.65,0.14,239.28,6.92,0.0,0.52,17.53
2007-06-14 08:00:00,1.27,0.13,237.72,5.3,0.0,0.43,17.3
2007-06-14 09:00:00,1.23,0.09,238.03,5.11,0.0,0.08,17.35
2007-06-14 10:00:00,0.62,0.13,237.79,2.73,0.0,0.52,6.68
2007-06-14 11:00:00,0.18,0.08,238.68,0.8,0.0,0.02,0.0
2007-06-14 12:00:00,0.2,0.12,238.92,0.97,0.0,0.52,0.0
2007-06-14 13:00:00,0.2,0.11,238.6,0.94,0.0,0.47,0.0
2007-06-14 14:00:00,0.18,0.08,238.81,0.84,0.0,0.05,0.0
2007-06-14 15:00:00,0.21,0.13,240.55,1.08,0.0,0.53,0.0
2007-06-14 16:00:00,0.19,0.09,240.82,0.93,0.0,0.05,0.0
2007-06-14 17:00:00,0.21,0.14,240.86,1.13,0.0,0.47,0.0
2007-06-14 18:00:00,1.85,0.14,239.64,7.75,8.62,0.52,16.63
2007-06-14 19:00:00,3.23,0.47,238.64,13.87,24.32,0.2,17.43
2007-06-14 20:00:00,2.25,0.5,239.22,9.95,7.95,6.57,7.1
2007-06-14 21:00:00,1.38,0.3,241.27,6.11,8.63,1.2,0.0
2007-06-14 22:00:00,1.35,0.2,242.14,5.59,0.0,1.18,0.0
2007-06-14 23:00:00,3.15,0.31,241.04,13.21,5.85,20.35,15.77
2007-06-15 00:00:00,1.57,0.28,241.22,6.88,7.33,7.97,7.52
2007-06-15 01:00:00,0.26,0.2,241.12,1.32,0.0,1.75,0.0
2007-06-15 02:00:00,0.23,0.19,238.94,1.21,0.0,1.3,0.0
2007-06-15 03:00:00,0.23,0.18,239.02,1.19,0.0,1.3,0.0
2007-06-15 04:00:00,0.21,0.15,238.56,1.1,0.0,1.03,0.0
2007-06-15 05:00:00,0.17,0.08,240.56,0.84,0.0,0.17,0.0
2007-06-15 06:00:00,0.95,0.09,239.47,4.14,0.0,0.17,9.12
2007-06-15 07:00:00,1.03,0.1,239.2,4.4,0.0,1.17,10.05
2007-06-15 08:00:00,2.0,0.25,238.13,8.64,0.0,28.3,0.0
2007-06-15 09:00:00,0.68,0.24,239.53,3.2,0.0,8.57,0.0
2007-06-15 10:00:00,0.26,0.2,238.78,1.34,0.0,1.73,0.0
2007-06-15 11:00:00,0.83,0.19,239.81,3.59,0.0,1.3,10.05
2007-06-15 12:00:00,0.21,0.15,241.49,1.09,0.0,0.88,0.0
2007-06-15 13:00:00,0.18,0.09,240.9,0.85,0.0,0.17,0.0
2007-06-15 14:00:00,0.17,0.08,240.92,0.81,0.0,0.17,0.0
2007-06-15 15:00:00,0.19,0.08,241.28,0.87,0.0,0.17,0.0
2007-06-15 16:00:00,0.28,0.17,242.44,1.29,0.0,0.97,0.0
2007-06-15 17:00:00,0.46,0.25,241.91,2.19,1.73,1.18,0.75
2007-06-15 18:00:00,1.91,0.23,238.68,8.06,11.33,1.13,15.85
2007-06-15 19:00:00,0.69,0.18,240.2,3.06,0.0,0.65,3.83
2007-06-15 20:00:00,1.54,0.19,241.61,6.42,0.07,0.0,17.85
2007-06-15 21:00:00,1.31,0.19,241.05,5.75,9.3,5.2,0.77
2007-06-15 22:00:00,0.75,0.17,242.05,3.34,8.05,0.32,0.0
2007-06-15 23:00:00,0.42,0.26,244.28,2.03,0.0,1.27,0.0
2007-06-16 00:00:00,0.29,0.2,241.03,1.38,0.0,1.17,0.0
2007-06-16 01:00:00,0.27,0.13,239.04,1.22,0.0,0.55,0.0
2007-06-16 02:00:00,0.21,0.07,239.42,0.93,0.0,0.0,0.0
2007-06-16 03:00:00,0.22,0.07,240.29,0.94,0.0,0.0,0.0
2007-06-16 04:00:00,0.22,0.11,240.3,1.03,0.0,0.18,0.0
2007-06-16 05:00:00,0.78,0.19,240.48,3.33,0.0,1.25,9.05
2007-06-16 06:00:00,0.44,0.19,240.62,2.09,0.0,1.18,0.0
2007-06-16 07:00:00,0.27,0.12,239.9,1.28,0.0,0.4,0.0
2007-06-16 08:00:00,0.66,0.08,240.3,2.78,0.0,0.0,7.0
2007-06-16 09:00:00,1.19,0.09,239.73,5.06,0.0,7.02,9.25
2007-06-16 10:00:00,2.2,0.23,237.46,9.32,0.0,14.52,17.27
2007-06-16 11:00:00,1.6,0.36,239.29,6.79,0.0,1.77,17.53
2007-06-16 12:00:00,1.61,0.3,238.29,6.84,0.0,1.32,17.38
2007-06-16 13:00:00,1.93,0.22,241.09,8.13,0.0,1.3,17.78
2007-06-16 14:00:00,1.79,0.22,239.6,7.57,0.0,1.28,13.63
2007-06-16 15:00:00,1.91,0.29,239.18,8.25,0.0,7.25,3.58
2007-06-16 16:00:00,1.82,0.25,239.85,7.75,0.0,15.25,0.0
2007-06-16 17:00:00,2.21,0.33,239.21,9.48,7.85,13.7,0.0
2007-06-16 18:00:00,2.84,0.32,237.99,11.99,8.78,1.12,16.15
2007-06-16 19:00:00,2.5,0.26,237.97,10.55,3.25,1.08,17.33
2007-06-16 20:00:00,3.34,0.46,238.78,14.22,21.23,1.38,17.47
2007-06-16 21:00:00,2.11,0.27,238.68,8.9,4.97,0.4,12.57
2007-06-16 22:00:00,1.47,0.18,239.85,6.22,8.73,1.38,0.0
2007-06-16 23:00:00,1.75,0.18,239.7,7.33,0.0,1.47,9.13
2007-06-17 00:00:00,0.97,0.16,240.08,4.05,0.0,1.43,0.33
2007-06-17 01:00:00,1.44,0.17,239.53,5.98,0.02,1.13,1.8
2007-06-17 02:00:00,1.27,0.16,241.52,5.33,7.03,0.03,9.03
2007-06-17 03:00:00,0.77,0.24,242.4,3.47,8.32,1.28,0.0
2007-06-17 04:00:00,0.21,0.13,243.59,1.0,0.0,0.52,0.0
2007-06-17 05:00:00,0.18,0.08,242.83,0.84,0.0,0.07,0.0
2007-06-17 06:00:00,0.23,0.16,241.06,1.16,0.0,0.93,0.0
2007-06-17 07:00:00,0.15,0.05,240.14,0.68,0.0,0.0,0.0
2007-06-17 08:00:00,0.21,0.12,240.26,0.98,0.0,0.85,0.0
2007-06-17 09:00:00,1.17,0.07,240.61,4.92,0.0,0.02,12.27
2007-06-17 10:00:00,1.35,0.1,239.58,5.57,0.0,0.42,17.58
2007-06-17 11:00:00,1.74,0.15,237.3,7.36,0.0,5.05,17.23
2007-06-17 12:00:00,0.8,0.23,240.39,3.72,0.0,0.43,2.05
2007-06-17 13:00:00,2.63,0.22,239.2,11.14,7.07,12.18,17.52
2007-06-17 14:00:00,2.34,0.15,240.73,9.96,7.72,20.68,3.42
2007-06-17 15:00:00,0.77,0.34,241.62,3.46,0.0,1.75,0.0
2007-06-17 16:00:00,2.21,0.11,240.2,9.47,0.0,19.15,0.0
2007-06-17 17:00:00,1.14,0.18,240.74,4.82,0.0,2.1,4.53
2007-06-17 18:00:00,3.99,0.17,236.96,16.93,6.92,13.4,17.18
2007-06-17 19:00:00,3.06,0.46,235.07,13.33,17.1,1.5,16.93
2007-06-17 20:00:00,2.28,0.2,239.55,9.55,6.5,0.12,17.57
2007-06-17 21:00:00,2.58,0.15,239.23,10.76,8.07,0.52,8.12
2007-06-17 22:00:00,0.74,0.11,240.5,3.05,0.0,0.38,0.0
2007-06-17 23:00:00,0.22,0.07,242.16,0.93,0.0,0.02,0.0
2007-06-18 00:00:00,0.24,0.15,241.4,1.18,0.0,0.82,0.0
2007-06-18 01:00:00,0.23,0.07,242.35,0.96,0.0,0.0,0.0
2007-06-18 02:00:00,0.19,0.12,239.69,0.95,0.0,0.8,0.0
2007-06-18 03:00:00,0.14,0.06,239.78,0.64,0.0,0.0,0.0
2007-06-18 04:00:00,0.17,0.1,239.83,0.84,0.0,0.52,0.0
2007-06-18 05:00:00,0.17,0.1,242.89,0.84,0.0,0.28,0.0
2007-06-18 06:00:00,0.72,0.07,241.93,2.97,0.0,0.1,8.67
2007-06-18 07:00:00,1.29,0.15,240.52,5.47,0.0,0.8,11.93
2007-06-18 08:00:00,1.41,0.13,237.45,5.99,0.0,0.0,17.27
2007-06-18 09:00:00,1.24,0.14,237.07,5.16,0.0,0.75,17.22
2007-06-18 10:00:00,0.49,0.08,239.34,2.1,0.0,0.0,5.48
2007-06-18 11:00:00,0.2,0.14,240.62,1.04,0.0,0.52,0.0
2007-06-18 12:00:00,0.17,0.11,239.74,0.85,0.0,0.27,0.0
2007-06-18 13:00:00,0.16,0.08,238.3,0.77,0.0,0.15,0.0
2007-06-18 14:00:00,0.19,0.14,241.51,0.96,0.0,0.63,0.0
2007-06-18 15:00:00,0.17,0.1,243.14,0.8,0.0,0.0,0.0
2007-06-18 16:00:00,0.2,0.15,242.44,1.04,0.0,0.77,0.0
2007-06-18 17:00:00,0.16,0.08,242.99,0.73,0.0,0.0,0.0
2007-06-18 18:00:00,0.2,0.15,239.85,1.01,0.0,0.77,0.0
2007-06-18 19:00:00,0.83,0.12,240.54,3.6,0.0,0.0,10.12
2007-06-18 20:00:00,1.08,0.28,241.48,4.87,0.0,0.62,0.0
2007-06-18 21:00:00,0.55,0.2,241.5,2.46,0.0,0.18,0.0
2007-06-18 22:00:00,0.73,0.16,241.09,3.08,0.0,0.43,0.0
2007-06-18 23:00:00,0.36,0.12,243.19,1.58,0.0,0.42,0.0
2007-06-19 00:00:00,0.56,0.09,241.7,2.38,0.0,0.02,4.43
2007-06-19 01:00:00,0.74,0.15,240.63,3.12,0.0,0.75,8.87
2007-06-19 02:00:00,0.14,0.06,239.96,0.63,0.0,0.0,0.0
2007-06-19 03:00:00,0.2,0.14,239.63,1.0,0.0,0.78,0.0
2007-06-19 04:00:00,0.16,0.09,239.51,0.78,0.0,0.0,0.0
2007-06-19 05:00:00,0.19,0.13,240.08,0.92,0.0,0.75,0.0
2007-06-19 06:00:00,1.35,0.13,238.51,5.73,0.0,0.02,11.63
2007-06-19 07:00:00,1.76,0.13,239.7,7.32,6.9,0.5,17.58
2007-06-19 08:00:00,0.83,0.1,238.72,3.48,1.17,0.27,9.82
2007-06-19 09:00:00,0.66,0.09,237.06,2.95,8.1,0.32,0.0
2007-06-19 10:00:00,0.38,0.14,238.13,1.93,0.0,0.53,0.0
2007-06-19 11:00:00,0.33,0.08,239.37,1.56,0.0,0.0,0.0
2007-06-19 12:00:00,1.0,0.14,238.97,4.21,0.0,0.8,10.03
2007-06-19 13:00:00,0.17,0.09,239.84,0.8,0.0,0.0,0.0
2007-06-19 14:00:00,0.22,0.16,240.2,1.08,0.0,0.82,0.0
2007-06-19 15:00:00,0.2,0.1,241.71,1.03,0.0,0.0,0.0
2007-06-19 16:00:00,0.25,0.17,241.39,1.42,0.0,0.7,0.0
2007-06-19 17:00:00,0.27,0.2,242.24,1.38,0.0,0.18,0.0
2007-06-19 18:00:00,0.48,0.15,240.1,2.14,0.0,0.33,0.0
2007-06-19 19:00:00,0.76,0.19,240.3,3.28,0.05,0.5,0.0
2007-06-19 20:00:00,0.73,0.11,241.11,3.08,0.0,0.0,0.0
2007-06-19 21:00:00,1.57,0.21,240.58,6.58,0.0,0.85,10.73
2007-06-19 22:00:00,0.59,0.1,243.55,2.41,0.0,0.0,0.0
2007-06-19 23:00:00,0.55,0.17,243.41,2.35,0.0,0.83,0.0
2007-06-20 00:00:00,0.16,0.09,243.64,0.75,0.0,0.0,0.0
2007-06-20 01:00:00,0.21,0.15,241.36,1.07,0.0,0.77,0.0
2007-06-20 02:00:00,0.16,0.08,239.5,0.76,0.0,0.05,0.0
2007-06-20 03:00:00,0.18,0.11,239.96,0.87,0.0,0.53,0.0
2007-06-20 04:00:00,0.16,0.09,239.18,0.78,0.0,0.28,0.0
2007-06-20 05:00:00,0.16,0.09,240.39,0.75,0.0,0.25,0.0
2007-06-20 06:00:00,0.58,0.17,241.04,2.72,0.0,0.55,0.0
2007-06-20 07:00:00,1.67,0.08,237.98,7.01,6.55,0.0,16.85
2007-06-20 08:00:00,1.46,0.14,239.73,6.11,3.52,0.77,17.6
2007-06-20 09:00:00,0.85,0.07,236.91,3.62,4.78,0.0,7.02
2007-06-20 10:00:00,0.25,0.12,236.36,1.26,0.0,0.75,0.0
2007-06-20 11:00:00,0.36,0.06,238.04,1.8,0.0,0.0,0.0
2007-06-20 12:00:00,0.43,0.15,240.18,2.14,0.0,0.82,0.0
2007-06-20 13:00:00,0.38,0.07,240.32,1.89,0.0,0.0,0.0
2007-06-20 14:00:00,0.6,0.14,239.98,2.82,0.0,0.7,0.0
2007-06-20 15:00:00,1.19,0.1,241.06,5.08,0.0,0.15,12.17
2007-06-20 16:00:00,0.42,0.13,240.77,1.89,0.0,0.43,3.6
2007-06-20 17:00:00,0.22,0.15,242.14,1.11,0.0,0.45,0.0
2007-06-20 18:00:00,0.21,0.13,244.12,1.03,0.0,0.25,0.0
2007-06-20 19:00:00,1.59,0.47,239.42,7.16,0.0,1.4,5.02
2007-06-20 20:00:00,2.04,0.31,238.89,8.71,0.33,7.17,17.47
2007-06-20 21:00:00,3.24,0.4,238.68,13.87,6.68,25.58,5.38
2007-06-20 22:00:00,1.11,0.27,240.87,4.84,7.48,1.12,0.0
2007-06-20 23:00:00,0.26,0.21,243.25,1.32,0.0,1.12,0.0
2007-06-21 00:00:00,0.2,0.12,242.32,0.99,0.0,0.2,0.0
2007-06-21 01:00:00,0.18,0.09,241.56,0.85,0.0,0.0,0.0
2007-06-21 02:00:00,0.19,0.1,240.27,0.88,0.0,0.33,0.0
2007-06-21 03:00:00,0.25,0.18,240.11,1.21,0.0,1.18,0.0
2007-06-21 04:00:00,0.25,0.2,240.15,1.28,0.0,1.12,0.0
2007-06-21 05:00:00,0.42,0.1,240.67,1.82,0.0,0.42,3.77
2007-06-21 06:00:00,2.0,0.1,240.58,8.33,0.0,0.0,17.72
2007-06-21 07:00:00,1.36,0.1,239.94,5.64,0.0,0.13,17.62
2007-06-21 08:00:00,1.12,0.2,238.6,4.78,0.0,1.2,14.28
2007-06-21 09:00:00,0.26,0.22,239.85,1.4,0.0,1.12,0.0
2007-06-21 10:00:00,0.21,0.13,239.09,1.03,0.0,0.45,0.0
2007-06-21 11:00:00,0.18,0.08,239.84,0.85,0.0,0.0,0.0
2007-06-21 12:00:00,0.19,0.08,239.85,0.87,0.0,0.1,0.0
2007-06-21 13:00:00,0.27,0.22,240.86,1.43,0.0,1.22,0.0
2007-06-21 14:00:00,0.26,0.22,240.98,1.36,0.0,1.13,0.0
2007-06-21 15:00:00,0.23,0.16,242.2,1.1,0.0,0.62,0.0
2007-06-21 16:00:00,0.18,0.09,241.86,0.89,0.0,0.0,0.0
2007-06-21 17:00:00,0.27,0.1,241.76,1.2,0.0,0.0,1.27
2007-06-21 18:00:00,0.7,0.21,239.92,3.13,0.0,1.15,7.2
2007-06-21 19:00:00,0.32,0.25,242.1,1.7,0.0,1.13,0.0
2007-06-21 20:00:00,0.41,0.24,242.76,2.06,0.12,0.88,0.0
2007-06-21 21:00:00,1.31,0.12,239.24,5.58,7.32,5.5,0.0
2007-06-21 22:00:00,2.17,0.16,237.66,9.23,8.1,17.53,0.0
2007-06-21 23:00:00,0.5,0.24,241.63,2.4,0.0,4.58,0.0
2007-06-22 00:00:00,0.29,0.22,242.57,1.48,0.0,1.75,0.0
2007-06-22 01:00:00,0.26,0.21,241.73,1.37,0.0,1.28,0.0
2007-06-22 02:00:00,0.23,0.13,241.46,1.1,0.0,0.47,0.0
2007-06-22 03:00:00,0.2,0.09,241.71,0.95,0.0,0.17,0.0
2007-06-22 04:00:00,0.43,0.1,241.8,1.87,0.0,0.45,3.58
2007-06-22 05:00:00,0.69,0.2,241.83,3.05,0.0,1.37,7.13
2007-06-22 06:00:00,0.64,0.23,242.65,2.94,0.0,1.2,0.0
2007-06-22 07:00:00,0.82,0.13,239.87,3.54,0.0,0.52,7.07
2007-06-22 08:00:00,1.22,0.07,237.74,5.07,0.0,0.0,17.32
2007-06-22 09:00:00,0.93,0.07,238.01,3.87,0.0,0.0,12.42
2007-06-22 10:00:00,0.26,0.2,238.95,1.4,0.0,1.2,0.0
2007-06-22 11:00:00,0.25,0.19,238.2,1.23,0.0,1.12,0.0
2007-06-22 12:00:00,0.21,0.13,239.1,1.05,0.0,0.58,0.0
2007-06-22 13:00:00,0.19,0.09,240.02,0.85,0.0,0.0,0.0
2007-06-22 14:00:00,0.18,0.08,238.92,0.86,0.0,0.0,0.0
2007-06-22 15:00:00,0.25,0.19,240.24,1.31,0.0,1.15,0.0
2007-06-22 16:00:00,0.25,0.2,242.03,1.34,0.0,1.13,0.0
2007-06-22 17:00:00,0.22,0.15,242.16,1.12,0.0,0.53,0.0
2007-06-22 18:00:00,0.56,0.08,240.36,2.37,0.0,0.0,6.13
2007-06-22 19:00:00,0.44,0.08,241.18,1.91,0.0,0.0,4.38
2007-06-22 20:00:00,0.25,0.2,240.79,1.34,0.0,1.22,0.0
2007-06-22 21:00:00,0.26,0.21,241.92,1.38,0.0,1.13,0.0
2007-06-22 22:00:00,0.22,0.15,243.02,1.11,0.0,0.58,0.0
2007-06-22 23:00:00,0.18,0.08,243.78,0.87,0.0,0.0,0.0
2007-06-23 00:00:00,0.18,0.07,240.87,0.87,0.0,0.0,0.0
2007-06-23 01:00:00,0.26,0.19,239.99,1.32,0.0,1.1,0.0
2007-06-23 02:00:00,0.25,0.19,239.79,1.28,0.0,1.13,0.0
2007-06-23 03:00:00,0.2,0.11,240.38,0.96,0.0,0.37,0.0
2007-06-23 04:00:00,0.18,0.07,239.98,0.87,0.0,0.0,0.0
2007-06-23 05:00:00,0.24,0.1,240.39,1.08,0.0,0.17,0.55
2007-06-23 06:00:00,1.03,0.18,239.68,4.32,0.0,1.22,13.05
2007-06-23 07:00:00,0.24,0.18,239.96,1.22,0.0,1.12,0.0
2007-06-23 08:00:00,0.18,0.08,239.17,0.89,0.0,0.07,0.0
2007-06-23 09:00:00,0.18,0.07,239.62,0.84,0.0,0.0,0.0
2007-06-23 10:00:00,0.21,0.11,240.07,0.97,0.0,0.5,0.0
2007-06-23 11:00:00,0.41,0.21,238.42,1.98,0.0,1.15,0.0
2007-06-23 12:00:00,0.26,0.2,239.08,1.34,0.0,1.02,0.0
2007-06-23 13:00:00,0.18,0.07,240.77,0.81,0.0,0.0,0.0
2007-06-23 14:00:00,0.18,0.07,240.37,0.82,0.0,0.0,0.0
2007-06-23 15:00:00,0.24,0.16,241.82,1.21,0.0,0.67,0.0
2007-06-23 16:00:00,0.26,0.19,241.27,1.33,0.0,1.15,0.0
2007-06-23 17:00:00,1.22,0.17,239.02,5.12,0.0,0.77,15.15
2007-06-23 18:00:00,0.91,0.08,239.93,3.8,0.0,0.0,11.28
2007-06-23 19:00:00,0.22,0.1,240.8,1.04,0.0,0.0,0.0
2007-06-23 20:00:00,0.26,0.17,241.35,1.3,0.0,0.95,0.0
2007-06-23 21:00:00,0.26,0.19,242.07,1.33,0.0,1.15,0.0
2007-06-23 22:00:00,0.24,0.14,241.22,1.18,0.0,0.58,0.0
2007-06-23 23:00:00,0.2,0.09,241.66,0.97,0.0,0.0,0.0
2007-06-24 00:00:00,0.2,0.07,243.01,0.9,0.0,0.0,0.0
2007-06-24 01:00:00,0.28,0.18,241.01,1.36,0.0,1.12,0.0
2007-06-24 02:00:00,0.37,0.21,241.52,1.77,0.0,1.13,0.0
2007-06-24 03:00:00,0.21,0.1,242.24,1.0,0.0,0.32,0.0
2007-06-24 04:00:00,1.0,0.06,241.48,4.11,0.0,0.0,12.97
2007-06-24 05:00:00,0.22,0.1,242.83,1.05,0.0,0.17,0.0
2007-06-24 06:00:00,0.27,0.19,243.05,1.34,0.0,1.22,0.0
2007-06-24 07:00:00,0.26,0.18,241.8,1.3,0.0,1.12,0.0
2007-06-24 08:00:00,0.2,0.08,241.95,0.96,0.0,0.08,0.0
2007-06-24 09:00:00,0.2,0.08,242.61,0.94,0.0,0.0,0.0
2007-06-24 10:00:00,0.22,0.11,241.76,1.05,0.0,0.43,0.0
2007-06-24 11:00:00,0.26,0.17,238.02,1.34,0.0,1.17,0.0
2007-06-24 12:00:00,0.31,0.17,237.98,1.5,0.0,0.9,0.0
2007-06-24 13:00:00,0.2,0.07,239.78,0.91,0.0,0.0,0.0
2007-06-24 14:00:00,0.36,0.06,238.56,1.53,0.0,0.0,0.0
2007-06-24 15:00:00,1.21,0.14,239.6,5.03,0.0,0.8,8.68
2007-06-24 16:00:00,1.12,0.17,241.78,4.69,0.0,1.15,6.17
2007-06-24 17:00:00,1.27,0.14,242.02,5.26,0.0,0.77,14.07
2007-06-24 18:00:00,0.61,0.07,241.28,2.73,0.0,0.0,4.32
2007-06-24 19:00:00,0.4,0.08,240.62,1.98,0.0,0.0,0.0
2007-06-24 20:00:00,0.44,0.15,240.33,2.17,0.0,0.93,0.0
2007-06-24 21:00:00,0.58,0.19,241.53,2.84,0.0,1.13,0.0
2007-06-24 22:00:00,0.79,0.15,240.66,3.38,0.0,0.75,0.0
2007-06-24 23:00:00,0.93,0.06,241.76,3.83,0.0,0.0,11.28
2007-06-25 00:00:00,0.43,0.08,241.69,1.87,0.0,0.0,0.0
2007-06-25 01:00:00,0.23,0.15,241.11,1.13,0.0,0.92,0.0
2007-06-25 02:00:00,0.25,0.18,240.24,1.22,0.0,1.13,0.0
2007-06-25 03:00:00,0.21,0.12,241.34,1.02,0.0,0.67,0.0
2007-06-25 04:00:00,0.17,0.06,241.78,0.85,0.0,0.0,0.0
2007-06-25 05:00:00,0.18,0.07,241.63,0.87,0.0,0.0,0.0
2007-06-25 06:00:00,0.66,0.16,241.46,2.98,0.0,1.02,2.47
2007-06-25 07:00:00,1.56,0.17,239.19,6.52,0.0,1.13,17.53
2007-06-25 08:00:00,1.23,0.11,237.31,5.16,0.0,0.42,17.25
2007-06-25 09:00:00,1.2,0.07,235.91,5.07,0.0,0.0,17.05
2007-06-25 10:00:00,0.3,0.06,239.69,1.33,0.0,0.02,2.08
2007-06-25 11:00:00,0.24,0.16,239.45,1.15,0.0,1.23,0.0
2007-06-25 12:00:00,0.24,0.16,239.9,1.17,0.0,1.12,0.0
2007-06-25 13:00:00,0.2,0.1,240.62,0.98,0.0,0.25,0.0
2007-06-25 14:00:00,0.18,0.06,241.68,0.82,0.0,0.0,0.0
2007-06-25 15:00:00,0.2,0.08,241.28,0.94,0.0,0.27,0.0
2007-06-25 16:00:00,0.3,0.17,242.52,1.48,0.0,1.2,0.0
2007-06-25 17:00:00,0.32,0.21,243.07,1.59,0.0,1.12,0.0
2007-06-25 18:00:00,0.83,0.08,242.41,3.5,0.0,0.2,10.28
2007-06-25 19:00:00,0.21,0.07,241.89,0.94,0.0,0.0,0.0
2007-06-25 20:00:00,0.95,0.14,240.98,4.08,0.0,7.3,0.0
2007-06-25 21:00:00,3.57,0.22,236.33,15.31,5.22,24.85,13.6
2007-06-25 22:00:00,2.71,0.38,237.82,11.71,19.02,7.02,0.0
2007-06-25 23:00:00,1.47,0.24,240.86,6.32,8.85,10.5,0.0
2007-06-26 00:00:00,0.68,0.07,238.71,2.99,0.02,0.77,3.95
2007-06-26 01:00:00,0.61,0.05,240.56,2.66,0.0,0.17,5.98
2007-06-26 02:00:00,0.22,0.1,240.83,1.04,0.0,0.68,0.0
2007-06-26 03:00:00,0.27,0.19,241.08,1.35,0.0,1.33,0.0
2007-06-26 04:00:00,0.24,0.15,241.39,1.19,0.0,1.1,0.0
2007-06-26 05:00:00,0.19,0.06,240.73,0.85,0.0,0.17,0.0
2007-06-26 06:00:00,0.51,0.06,239.25,2.25,0.0,0.1,0.0
2007-06-26 07:00:00,1.43,0.15,239.32,6.02,0.0,0.85,13.9
2007-06-26 08:00:00,1.31,0.18,238.1,5.52,0.0,1.15,17.37
2007-06-26 09:00:00,0.98,0.09,236.56,4.14,0.0,0.35,13.0
2007-06-26 10:00:00,0.18,0.06,238.11,0.84,0.0,0.0,0.0
2007-06-26 11:00:00,0.2,0.09,237.51,0.97,0.0,0.27,0.0
2007-06-26 12:00:00,0.26,0.18,240.07,1.32,0.0,1.2,0.0
2007-06-26 13:00:00,0.22,0.14,240.71,1.11,0.0,0.73,0.0
2007-06-26 14:00:00,0.18,0.06,239.87,0.81,0.0,0.0,0.0
2007-06-26 15:00:00,0.19,0.07,239.7,0.89,0.0,0.0,0.0
2007-06-26 16:00:00,0.25,0.16,240.41,1.25,0.0,1.12,0.0
2007-06-26 17:00:00,0.25,0.18,241.86,1.29,0.0,1.13,0.0
2007-06-26 18:00:00,0.83,0.06,242.22,3.51,0.0,0.0,10.73
2007-06-26 19:00:00,0.43,0.24,242.26,2.05,0.0,1.13,0.0
2007-06-26 20:00:00,0.46,0.19,241.77,2.1,0.0,1.35,0.0
2007-06-26 21:00:00,0.77,0.28,241.36,3.39,0.0,1.33,0.0
2007-06-26 22:00:00,3.56,0.15,237.73,15.07,7.58,7.3,15.63
2007-06-26 23:00:00,1.54,0.09,242.17,6.44,8.58,0.0,6.62
2007-06-27 00:00:00,0.22,0.09,243.01,0.98,0.0,0.15,0.0
2007-06-27 01:00:00,0.27,0.17,241.78,1.31,0.0,1.25,0.0
2007-06-27 02:00:00,0.24,0.13,240.33,1.17,0.0,0.8,0.0
2007-06-27 03:00:00,0.21,0.07,240.45,0.93,0.0,0.0,0.0
2007-06-27 04:00:00,0.21,0.06,241.04,0.92,0.0,0.0,0.0
2007-06-27 05:00:00,0.27,0.17,241.55,1.29,0.0,1.07,0.0
2007-06-27 06:00:00,1.27,0.2,239.67,5.43,0.0,1.13,10.22
2007-06-27 07:00:00,2.33,0.09,239.32,9.77,0.0,15.57,17.53
2007-06-27 08:00:00,2.05,0.09,238.39,8.65,0.0,13.63,17.42
2007-06-27 09:00:00,1.31,0.16,238.36,5.49,0.0,1.28,17.4
2007-06-27 10:00:00,1.27,0.15,235.31,5.35,0.0,1.05,16.97
2007-06-27 11:00:00,0.27,0.06,236.35,1.18,0.0,0.0,1.4
2007-06-27 12:00:00,0.19,0.07,238.4,0.86,0.0,0.0,0.0
2007-06-27 13:00:00,0.37,0.14,238.27,1.75,0.0,0.77,0.0
2007-06-27 14:00:00,0.48,0.2,240.01,2.38,0.0,3.07,0.0
2007-06-27 15:00:00,0.23,0.09,241.17,1.08,0.0,0.87,0.0
2007-06-27 16:00:00,0.19,0.07,241.93,0.87,0.0,0.0,0.0
2007-06-27 17:00:00,0.22,0.11,241.21,1.02,0.0,0.42,0.0
2007-06-27 18:00:00,0.33,0.18,241.84,1.57,0.0,1.2,0.0
2007-06-27 19:00:00,2.77,0.23,238.38,11.75,0.0,24.35,15.03
2007-06-27 20:00:00,3.05,0.33,238.93,13.05,7.22,23.83,5.68
2007-06-27 21:00:00,4.6,0.32,236.78,19.69,27.67,14.9,17.2
2007-06-27 22:00:00,1.89,0.12,239.6,7.95,8.5,1.08,2.32
2007-06-27 23:00:00,0.42,0.14,242.12,1.86,0.0,1.1,0.0
2007-06-28 00:00:00,0.34,0.19,240.51,1.61,0.0,1.33,0.0
2007-06-28 01:00:00,0.29,0.15,239.68,1.39,0.0,0.95,0.0
2007-06-28 02:00:00,0.23,0.08,240.86,1.08,0.0,0.17,0.0
2007-06-28 03:00:00,0.23,0.09,241.21,1.11,0.0,0.17,0.0
2007-06-28 04:00:00,0.29,0.19,240.77,1.44,0.0,1.25,0.0
2007-06-28 05:00:00,0.39,0.2,241.12,1.81,0.0,1.18,1.67
2007-06-28 06:00:00,0.67,0.07,239.7,2.83,0.0,0.08,7.7
2007-06-28 07:00:00,0.58,0.06,237.67,2.57,0.0,0.0,0.0
2007-06-28 08:00:00,0.52,0.11,238.01,2.25,0.0,0.58,3.72
2007-06-28 09:00:00,1.45,0.2,237.03,6.09,0.0,1.15,17.23
2007-06-28 10:00:00,1.69,0.1,236.74,7.17,0.0,4.93,17.17
2007-06-28 11:00:00,1.25,0.05,235.28,5.25,0.0,0.47,16.98
2007-06-28 12:00:00,1.25,0.07,236.08,5.25,0.0,0.27,17.08
2007-06-28 13:00:00,0.91,0.17,237.09,3.92,0.0,1.2,10.62
2007-06-28 14:00:00,0.25,0.14,239.97,1.22,0.0,0.7,0.0
2007-06-28 15:00:00,0.22,0.08,241.78,1.03,0.0,0.0,0.0
2007-06-28 16:00:00,0.22,0.08,240.13,1.03,0.0,0.0,0.0
2007-06-28 17:00:00,0.29,0.2,241.73,1.46,0.0,1.22,0.0
2007-06-28 18:00:00,1.82,0.35,239.72,7.95,0.0,24.4,0.0
2007-06-28 19:00:00,2.79,0.4,237.46,12.0,0.0,14.38,11.0
2007-06-28 20:00:00,2.59,0.19,238.8,10.97,0.0,15.12,17.47
2007-06-28 21:00:00,1.38,0.09,240.82,5.67,0.0,0.23,17.75
2007-06-28 22:00:00,1.44,0.18,240.94,5.95,0.0,1.7,17.77
2007-06-28 23:00:00,0.52,0.19,243.07,2.3,0.0,1.32,2.87
2007-06-29 00:00:00,0.67,0.11,240.8,2.86,0.0,0.28,0.0
2007-06-29 01:00:00,0.19,0.08,241.35,0.87,0.0,0.0,0.0
2007-06-29 02:00:00,0.2,0.09,240.72,0.95,0.0,0.4,0.0
2007-06-29 03:00:00,0.26,0.19,240.83,1.34,0.0,1.17,0.0
2007-06-29 04:00:00,0.24,0.16,240.8,1.25,0.0,0.65,0.0
2007-06-29 05:00:00,0.19,0.08,242.1,0.9,0.0,0.0,0.0
2007-06-29 06:00:00,0.18,0.06,242.41,0.83,0.0,0.0,0.0
2007-06-29 07:00:00,0.25,0.18,241.95,1.26,0.0,1.18,0.0
2007-06-29 08:00:00,1.36,0.18,237.7,5.85,0.0,0.95,13.83
2007-06-29 09:00:00,0.21,0.06,237.76,0.95,0.0,0.0,0.0
2007-06-29 10:00:00,0.48,0.12,238.01,2.27,0.0,0.0,0.0
2007-06-29 11:00:00,1.98,0.2,237.91,8.5,11.88,0.85,12.42
2007-06-29 12:00:00,1.77,0.2,238.53,7.48,6.68,1.13,17.43
2007-06-29 13:00:00,1.54,0.1,237.72,6.48,2.78,0.12,17.3
2007-06-29 14:00:00,0.49,0.07,240.67,2.18,0.0,0.0,4.05
2007-06-29 15:00:00,0.35,0.15,241.68,1.73,0.0,0.57,0.0
2007-06-29 16:00:00,0.38,0.21,242.26,1.87,0.0,1.17,0.0
2007-06-29 17:00:00,0.51,0.13,242.12,2.4,0.0,0.47,0.0
2007-06-29 18:00:00,1.52,0.2,240.71,6.58,20.65,0.0,0.0
2007-06-29 19:00:00,2.11,0.32,240.42,9.02,14.68,0.3,12.65
2007-06-29 20:00:00,1.28,0.21,239.01,5.42,0.0,1.18,10.98
2007-06-29 21:00:00,3.12,0.18,237.82,13.12,7.48,0.6,15.02
2007-06-29 22:00:00,1.51,0.1,239.4,6.48,8.55,0.0,0.58
2007-06-29 23:00:00,0.93,0.08,241.63,4.0,0.0,0.1,9.02
2007-06-30 00:00:00,0.26,0.17,241.35,1.31,0.0,1.22,0.0
2007-06-30 01:00:00,0.25,0.16,240.23,1.3,0.0,0.7,0.0
2007-06-30 02:00:00,0.2,0.07,241.07,0.9,0.0,0.0,0.0
2007-06-30 03:00:00,0.18,0.05,241.41,0.83,0.0,0.0,0.0
2007-06-30 04:00:00,0.27,0.19,241.86,1.35,0.0,1.23,0.0
2007-06-30 05:00:00,0.31,0.13,241.99,1.48,0.0,0.78,0.78
2007-06-30 06:00:00,1.86,0.07,239.73,7.77,0.0,0.0,17.62
2007-06-30 07:00:00,1.26,0.08,239.62,5.18,0.0,0.0,17.58
2007-06-30 08:00:00,0.9,0.13,236.71,3.87,0.0,1.13,10.88
2007-06-30 09:00:00,0.23,0.13,240.17,1.15,0.0,0.82,0.0
2007-06-30 10:00:00,0.21,0.07,239.91,0.97,0.0,0.0,0.0
2007-06-30 11:00:00,0.23,0.06,239.0,1.04,0.0,0.0,0.0
2007-06-30 12:00:00,0.35,0.18,239.25,1.68,0.0,1.15,0.0
2007-06-30 13:00:00,0.27,0.13,241.05,1.23,0.0,0.85,0.0
2007-06-30 14:00:00,0.29,0.05,240.48,1.23,0.0,0.0,0.0
2007-06-30 15:00:00,0.41,0.09,240.64,1.73,0.0,0.9,0.0
2007-06-30 16:00:00,1.45,0.22,238.86,6.3,12.97,1.33,2.45
2007-06-30 17:00:00,2.03,0.17,238.96,8.59,8.83,0.92,17.5
2007-06-30 18:00:00,1.47,0.07,240.67,6.05,0.0,0.0,17.73
2007-06-30 19:00:00,2.89,0.14,239.56,12.16,20.27,0.17,17.57
2007-06-30 20:00:00,2.36,0.3,239.27,10.03,8.75,1.2,17.53
2007-06-30 21:00:00,1.72,0.21,239.46,7.22,0.0,0.78,17.32
2007-06-30 22:00:00,1.24,0.08,239.16,5.16,0.0,0.0,0.0
2007-06-30 23:00:00,1.63,0.18,239.86,6.79,0.0,0.02,2.63
